_realtime	extensions	extensions_tenant_external_id_index	CREATE INDEX extensions_tenant_external_id_index ON _realtime.extensions USING btree (tenant_external_id)
_realtime	extensions	extensions_tenant_external_id_type_index	CREATE UNIQUE INDEX extensions_tenant_external_id_type_index ON _realtime.extensions USING btree (tenant_external_id, type)
_realtime	tenants	tenants_external_id_index	CREATE UNIQUE INDEX tenants_external_id_index ON _realtime.tenants USING btree (external_id)
auth	audit_log_entries	audit_logs_instance_id_idx	CREATE INDEX audit_logs_instance_id_idx ON auth.audit_log_entries USING btree (instance_id)
auth	flow_state	flow_state_created_at_idx	CREATE INDEX flow_state_created_at_idx ON auth.flow_state USING btree (created_at DESC)
auth	flow_state	idx_auth_code	CREATE INDEX idx_auth_code ON auth.flow_state USING btree (auth_code)
auth	flow_state	idx_user_id_auth_method	CREATE INDEX idx_user_id_auth_method ON auth.flow_state USING btree (user_id, authentication_method)
auth	identities	identities_email_idx	CREATE INDEX identities_email_idx ON auth.identities USING btree (email text_pattern_ops)
auth	identities	identities_provider_id_provider_unique	CREATE UNIQUE INDEX identities_provider_id_provider_unique ON auth.identities USING btree (provider_id, provider)
auth	identities	identities_user_id_idx	CREATE INDEX identities_user_id_idx ON auth.identities USING btree (user_id)
auth	mfa_amr_claims	mfa_amr_claims_session_id_authentication_method_pkey	CREATE UNIQUE INDEX mfa_amr_claims_session_id_authentication_method_pkey ON auth.mfa_amr_claims USING btree (session_id, authentication_method)
auth	mfa_challenges	mfa_challenge_created_at_idx	CREATE INDEX mfa_challenge_created_at_idx ON auth.mfa_challenges USING btree (created_at DESC)
auth	mfa_factors	factor_id_created_at_idx	CREATE INDEX factor_id_created_at_idx ON auth.mfa_factors USING btree (user_id, created_at)
auth	mfa_factors	mfa_factors_last_challenged_at_key	CREATE UNIQUE INDEX mfa_factors_last_challenged_at_key ON auth.mfa_factors USING btree (last_challenged_at)
auth	mfa_factors	mfa_factors_user_friendly_name_unique	CREATE UNIQUE INDEX mfa_factors_user_friendly_name_unique ON auth.mfa_factors USING btree (friendly_name, user_id) WHERE (TRIM(BOTH FROM friendly_name) <> ''::text)
auth	mfa_factors	mfa_factors_user_id_idx	CREATE INDEX mfa_factors_user_id_idx ON auth.mfa_factors USING btree (user_id)
auth	mfa_factors	unique_phone_factor_per_user	CREATE UNIQUE INDEX unique_phone_factor_per_user ON auth.mfa_factors USING btree (user_id, phone)
auth	oauth_authorizations	oauth_auth_pending_exp_idx	CREATE INDEX oauth_auth_pending_exp_idx ON auth.oauth_authorizations USING btree (expires_at) WHERE (status = 'pending'::auth.oauth_authorization_status)
auth	oauth_authorizations	oauth_authorizations_authorization_code_key	CREATE UNIQUE INDEX oauth_authorizations_authorization_code_key ON auth.oauth_authorizations USING btree (authorization_code)
auth	oauth_authorizations	oauth_authorizations_authorization_id_key	CREATE UNIQUE INDEX oauth_authorizations_authorization_id_key ON auth.oauth_authorizations USING btree (authorization_id)
auth	oauth_clients	oauth_clients_deleted_at_idx	CREATE INDEX oauth_clients_deleted_at_idx ON auth.oauth_clients USING btree (deleted_at)
auth	oauth_consents	oauth_consents_active_client_idx	CREATE INDEX oauth_consents_active_client_idx ON auth.oauth_consents USING btree (client_id) WHERE (revoked_at IS NULL)
auth	oauth_consents	oauth_consents_active_user_client_idx	CREATE INDEX oauth_consents_active_user_client_idx ON auth.oauth_consents USING btree (user_id, client_id) WHERE (revoked_at IS NULL)
auth	oauth_consents	oauth_consents_user_client_unique	CREATE UNIQUE INDEX oauth_consents_user_client_unique ON auth.oauth_consents USING btree (user_id, client_id)
auth	oauth_consents	oauth_consents_user_order_idx	CREATE INDEX oauth_consents_user_order_idx ON auth.oauth_consents USING btree (user_id, granted_at DESC)
auth	one_time_tokens	one_time_tokens_relates_to_hash_idx	CREATE INDEX one_time_tokens_relates_to_hash_idx ON auth.one_time_tokens USING hash (relates_to)
auth	one_time_tokens	one_time_tokens_token_hash_hash_idx	CREATE INDEX one_time_tokens_token_hash_hash_idx ON auth.one_time_tokens USING hash (token_hash)
auth	one_time_tokens	one_time_tokens_user_id_token_type_key	CREATE UNIQUE INDEX one_time_tokens_user_id_token_type_key ON auth.one_time_tokens USING btree (user_id, token_type)
auth	refresh_tokens	refresh_tokens_instance_id_idx	CREATE INDEX refresh_tokens_instance_id_idx ON auth.refresh_tokens USING btree (instance_id)
auth	refresh_tokens	refresh_tokens_instance_id_user_id_idx	CREATE INDEX refresh_tokens_instance_id_user_id_idx ON auth.refresh_tokens USING btree (instance_id, user_id)
auth	refresh_tokens	refresh_tokens_parent_idx	CREATE INDEX refresh_tokens_parent_idx ON auth.refresh_tokens USING btree (parent)
auth	refresh_tokens	refresh_tokens_session_id_revoked_idx	CREATE INDEX refresh_tokens_session_id_revoked_idx ON auth.refresh_tokens USING btree (session_id, revoked)
auth	refresh_tokens	refresh_tokens_token_unique	CREATE UNIQUE INDEX refresh_tokens_token_unique ON auth.refresh_tokens USING btree (token)
auth	refresh_tokens	refresh_tokens_updated_at_idx	CREATE INDEX refresh_tokens_updated_at_idx ON auth.refresh_tokens USING btree (updated_at DESC)
auth	saml_providers	saml_providers_entity_id_key	CREATE UNIQUE INDEX saml_providers_entity_id_key ON auth.saml_providers USING btree (entity_id)
auth	saml_providers	saml_providers_sso_provider_id_idx	CREATE INDEX saml_providers_sso_provider_id_idx ON auth.saml_providers USING btree (sso_provider_id)
auth	saml_relay_states	saml_relay_states_created_at_idx	CREATE INDEX saml_relay_states_created_at_idx ON auth.saml_relay_states USING btree (created_at DESC)
auth	saml_relay_states	saml_relay_states_for_email_idx	CREATE INDEX saml_relay_states_for_email_idx ON auth.saml_relay_states USING btree (for_email)
auth	saml_relay_states	saml_relay_states_sso_provider_id_idx	CREATE INDEX saml_relay_states_sso_provider_id_idx ON auth.saml_relay_states USING btree (sso_provider_id)
auth	sessions	sessions_not_after_idx	CREATE INDEX sessions_not_after_idx ON auth.sessions USING btree (not_after DESC)
auth	sessions	sessions_oauth_client_id_idx	CREATE INDEX sessions_oauth_client_id_idx ON auth.sessions USING btree (oauth_client_id)
auth	sessions	sessions_user_id_idx	CREATE INDEX sessions_user_id_idx ON auth.sessions USING btree (user_id)
auth	sessions	user_id_created_at_idx	CREATE INDEX user_id_created_at_idx ON auth.sessions USING btree (user_id, created_at)
auth	sso_domains	sso_domains_domain_idx	CREATE UNIQUE INDEX sso_domains_domain_idx ON auth.sso_domains USING btree (lower(domain))
auth	sso_domains	sso_domains_sso_provider_id_idx	CREATE INDEX sso_domains_sso_provider_id_idx ON auth.sso_domains USING btree (sso_provider_id)
auth	sso_providers	sso_providers_resource_id_idx	CREATE UNIQUE INDEX sso_providers_resource_id_idx ON auth.sso_providers USING btree (lower(resource_id))
auth	sso_providers	sso_providers_resource_id_pattern_idx	CREATE INDEX sso_providers_resource_id_pattern_idx ON auth.sso_providers USING btree (resource_id text_pattern_ops)
auth	users	confirmation_token_idx	CREATE UNIQUE INDEX confirmation_token_idx ON auth.users USING btree (confirmation_token) WHERE ((confirmation_token)::text !~ '^[0-9 ]*$'::text)
auth	users	email_change_token_current_idx	CREATE UNIQUE INDEX email_change_token_current_idx ON auth.users USING btree (email_change_token_current) WHERE ((email_change_token_current)::text !~ '^[0-9 ]*$'::text)
auth	users	email_change_token_new_idx	CREATE UNIQUE INDEX email_change_token_new_idx ON auth.users USING btree (email_change_token_new) WHERE ((email_change_token_new)::text !~ '^[0-9 ]*$'::text)
auth	users	reauthentication_token_idx	CREATE UNIQUE INDEX reauthentication_token_idx ON auth.users USING btree (reauthentication_token) WHERE ((reauthentication_token)::text !~ '^[0-9 ]*$'::text)
auth	users	recovery_token_idx	CREATE UNIQUE INDEX recovery_token_idx ON auth.users USING btree (recovery_token) WHERE ((recovery_token)::text !~ '^[0-9 ]*$'::text)
auth	users	users_email_partial_key	CREATE UNIQUE INDEX users_email_partial_key ON auth.users USING btree (email) WHERE (is_sso_user = false)
auth	users	users_instance_id_email_idx	CREATE INDEX users_instance_id_email_idx ON auth.users USING btree (instance_id, lower((email)::text))
auth	users	users_instance_id_idx	CREATE INDEX users_instance_id_idx ON auth.users USING btree (instance_id)
auth	users	users_is_anonymous_idx	CREATE INDEX users_is_anonymous_idx ON auth.users USING btree (is_anonymous)
auth	users	users_phone_key	CREATE UNIQUE INDEX users_phone_key ON auth.users USING btree (phone)
net	_http_response	_http_response_created_idx	CREATE INDEX _http_response_created_idx ON net._http_response USING btree (created)
public	annotations	annotations_kind_code_key	CREATE UNIQUE INDEX annotations_kind_code_key ON public.annotations USING btree (kind_code)
public	annotations	uq_annotations_kind_code	CREATE UNIQUE INDEX uq_annotations_kind_code ON public.annotations USING btree (kind_code)
public	clutch_expected_genotypes	idx_clutch_expected_genotypes_clutch	CREATE INDEX idx_clutch_expected_genotypes_clutch ON public.clutch_expected_genotypes USING btree (clutch_instance_id)
public	clutch_expected_genotypes	uq_clutch_expected_genotypes_clutch_allele	CREATE UNIQUE INDEX uq_clutch_expected_genotypes_clutch_allele ON public.clutch_expected_genotypes USING btree (clutch_instance_id, transgene_base_code, allele_number)
public	clutch_instances	clutch_instances_clutch_instance_code_key	CREATE UNIQUE INDEX clutch_instances_clutch_instance_code_key ON public.clutch_instances USING btree (clutch_instance_code)
public	crispr_knockins	crispr_knockins_knockin_code_key	CREATE UNIQUE INDEX crispr_knockins_knockin_code_key ON public.crispr_knockins USING btree (knockin_code)
public	crosses	crosses_cross_run_code_key	CREATE UNIQUE INDEX crosses_cross_run_code_key ON public.crosses USING btree (cross_run_code)
public	dyes	dyes_dye_code_key	CREATE UNIQUE INDEX dyes_dye_code_key ON public.dyes USING btree (dye_code)
public	fish	fish_fish_code_key	CREATE UNIQUE INDEX fish_fish_code_key ON public.fish USING btree (fish_code)
public	fish	idx_fish_identity_hash	CREATE INDEX idx_fish_identity_hash ON public.fish USING btree (identity_hash)
public	fish	idx_fish_identity_key	CREATE INDEX idx_fish_identity_key ON public.fish USING btree (identity_key)
public	fish	uq_fish_fish_code	CREATE UNIQUE INDEX uq_fish_fish_code ON public.fish USING btree (fish_code)
public	fish	uq_fish_identity_key	CREATE UNIQUE INDEX uq_fish_identity_key ON public.fish USING btree (identity_key)
public	fluors	fluors_fluor_code_key	CREATE UNIQUE INDEX fluors_fluor_code_key ON public.fluors USING btree (fluor_code)
public	fusions	uq_fusions_fluor_tag_pos_notnull	CREATE UNIQUE INDEX uq_fusions_fluor_tag_pos_notnull ON public.fusions USING btree (fluor_id, tag_id, tag_pos) WHERE (tag_id IS NOT NULL)
public	fusions	uq_fusions_fluor_when_tag_null	CREATE UNIQUE INDEX uq_fusions_fluor_when_tag_null ON public.fusions USING btree (fluor_id) WHERE (tag_id IS NULL)
public	join_aliases	join_aliases_target_kind_target_id_alias_norm_key	CREATE UNIQUE INDEX join_aliases_target_kind_target_id_alias_norm_key ON public.join_aliases USING btree (target_kind, target_id, alias_norm)
public	join_treatment_dyes	ix_jtd_dye	CREATE INDEX ix_jtd_dye ON public.join_treatment_dyes USING btree (dye_id)
public	join_treatment_dyes	ix_jtd_treatment	CREATE INDEX ix_jtd_treatment ON public.join_treatment_dyes USING btree (treatment_id)
public	join_treatment_dyes	uq_jtd_treatment_dye	CREATE UNIQUE INDEX uq_jtd_treatment_dye ON public.join_treatment_dyes USING btree (treatment_id, dye_id)
public	locations	locations_code_key	CREATE UNIQUE INDEX locations_code_key ON public.locations USING btree (code)
public	plasmids	plasmids_code_key	CREATE UNIQUE INDEX plasmids_code_key ON public.plasmids USING btree (code)
public	plasmids	uq_plasmids_code	CREATE UNIQUE INDEX uq_plasmids_code ON public.plasmids USING btree (code)
public	plates	plates_plate_code_key	CREATE UNIQUE INDEX plates_plate_code_key ON public.plates USING btree (plate_code)
public	plates	uq_plates_plate_code	CREATE UNIQUE INDEX uq_plates_plate_code ON public.plates USING btree (plate_code)
public	rnas	rnas_rna_code_key	CREATE UNIQUE INDEX rnas_rna_code_key ON public.rnas USING btree (rna_code)
public	tags	tags_tag_code_key	CREATE UNIQUE INDEX tags_tag_code_key ON public.tags USING btree (tag_code)
public	tank_pairs	tank_pairs_tank_pair_code_key	CREATE UNIQUE INDEX tank_pairs_tank_pair_code_key ON public.tank_pairs USING btree (tank_pair_code)
public	tanks	ix_tanks_fish_id	CREATE INDEX ix_tanks_fish_id ON public.tanks USING btree (fish_id)
public	tanks	tanks_tank_code_key	CREATE UNIQUE INDEX tanks_tank_code_key ON public.tanks USING btree (tank_code)
public	transgene_alleles	uq_transgene_alleles_base_nickname	CREATE UNIQUE INDEX uq_transgene_alleles_base_nickname ON public.transgene_alleles USING btree (transgene_base_code, lower(allele_nickname)) WHERE (allele_nickname IS NOT NULL)
public	transgene_alleles	uq_transgene_alleles_base_no	CREATE UNIQUE INDEX uq_transgene_alleles_base_no ON public.transgene_alleles USING btree (transgene_base_code, allele_number)
public	transgenes	uq_transgenes_base_code	CREATE UNIQUE INDEX uq_transgenes_base_code ON public.transgenes USING btree (transgene_base_code)
public	treated_clutches	treated_clutches_treated_clutch_code_key	CREATE UNIQUE INDEX treated_clutches_treated_clutch_code_key ON public.treated_clutches USING btree (treated_clutch_code)
public	treated_clutches	uq_treated_clutches_per_code	CREATE UNIQUE INDEX uq_treated_clutches_per_code ON public.treated_clutches USING btree (clutch_instance_id, treated_clutch_code)
public	treatments	treatments_treat_code_key	CREATE UNIQUE INDEX treatments_treat_code_key ON public.treatments USING btree (treat_code)
realtime	messages	messages_inserted_at_topic_index	CREATE INDEX messages_inserted_at_topic_index ON ONLY realtime.messages USING btree (inserted_at DESC, topic) WHERE ((extension = 'broadcast'::text) AND (private IS TRUE))
realtime	messages_2025_11_12	messages_2025_11_12_inserted_at_topic_idx	CREATE INDEX messages_2025_11_12_inserted_at_topic_idx ON realtime.messages_2025_11_12 USING btree (inserted_at DESC, topic) WHERE ((extension = 'broadcast'::text) AND (private IS TRUE))
realtime	messages_2025_11_13	messages_2025_11_13_inserted_at_topic_idx	CREATE INDEX messages_2025_11_13_inserted_at_topic_idx ON realtime.messages_2025_11_13 USING btree (inserted_at DESC, topic) WHERE ((extension = 'broadcast'::text) AND (private IS TRUE))
realtime	messages_2025_11_14	messages_2025_11_14_inserted_at_topic_idx	CREATE INDEX messages_2025_11_14_inserted_at_topic_idx ON realtime.messages_2025_11_14 USING btree (inserted_at DESC, topic) WHERE ((extension = 'broadcast'::text) AND (private IS TRUE))
realtime	messages_2025_11_15	messages_2025_11_15_inserted_at_topic_idx	CREATE INDEX messages_2025_11_15_inserted_at_topic_idx ON realtime.messages_2025_11_15 USING btree (inserted_at DESC, topic) WHERE ((extension = 'broadcast'::text) AND (private IS TRUE))
realtime	messages_2025_11_16	messages_2025_11_16_inserted_at_topic_idx	CREATE INDEX messages_2025_11_16_inserted_at_topic_idx ON realtime.messages_2025_11_16 USING btree (inserted_at DESC, topic) WHERE ((extension = 'broadcast'::text) AND (private IS TRUE))
realtime	subscription	ix_realtime_subscription_entity	CREATE INDEX ix_realtime_subscription_entity ON realtime.subscription USING btree (entity)
realtime	subscription	subscription_subscription_id_entity_filters_key	CREATE UNIQUE INDEX subscription_subscription_id_entity_filters_key ON realtime.subscription USING btree (subscription_id, entity, filters)
storage	buckets	bname	CREATE UNIQUE INDEX bname ON storage.buckets USING btree (name)
storage	iceberg_namespaces	idx_iceberg_namespaces_bucket_id	CREATE UNIQUE INDEX idx_iceberg_namespaces_bucket_id ON storage.iceberg_namespaces USING btree (bucket_id, name)
storage	iceberg_tables	idx_iceberg_tables_namespace_id	CREATE UNIQUE INDEX idx_iceberg_tables_namespace_id ON storage.iceberg_tables USING btree (namespace_id, name)
storage	migrations	migrations_name_key	CREATE UNIQUE INDEX migrations_name_key ON storage.migrations USING btree (name)
storage	objects	bucketid_objname	CREATE UNIQUE INDEX bucketid_objname ON storage.objects USING btree (bucket_id, name)
storage	objects	idx_name_bucket_level_unique	CREATE UNIQUE INDEX idx_name_bucket_level_unique ON storage.objects USING btree (name COLLATE "C", bucket_id, level)
storage	objects	idx_objects_bucket_id_name	CREATE INDEX idx_objects_bucket_id_name ON storage.objects USING btree (bucket_id, name COLLATE "C")
storage	objects	idx_objects_lower_name	CREATE INDEX idx_objects_lower_name ON storage.objects USING btree ((path_tokens[level]), lower(name) text_pattern_ops, bucket_id, level)
storage	objects	name_prefix_search	CREATE INDEX name_prefix_search ON storage.objects USING btree (name text_pattern_ops)
storage	objects	objects_bucket_id_level_idx	CREATE UNIQUE INDEX objects_bucket_id_level_idx ON storage.objects USING btree (bucket_id, level, name COLLATE "C")
storage	prefixes	idx_prefixes_lower_name	CREATE INDEX idx_prefixes_lower_name ON storage.prefixes USING btree (bucket_id, level, ((string_to_array(name, '/'::text))[level]), lower(name) text_pattern_ops)
storage	s3_multipart_uploads	idx_multipart_uploads_list	CREATE INDEX idx_multipart_uploads_list ON storage.s3_multipart_uploads USING btree (bucket_id, key, created_at)
supabase_functions	hooks	supabase_functions_hooks_h_table_id_h_name_idx	CREATE INDEX supabase_functions_hooks_h_table_id_h_name_idx ON supabase_functions.hooks USING btree (hook_table_id, hook_name)
supabase_functions	hooks	supabase_functions_hooks_request_id_idx	CREATE INDEX supabase_functions_hooks_request_id_idx ON supabase_functions.hooks USING btree (request_id)
trash_carp	clutch_materials	uq_clutch_materials_dedup	CREATE UNIQUE INDEX uq_clutch_materials_dedup ON trash_carp.clutch_materials USING btree (clutch_instance_id, material_type, material_code)
vault	secrets	secrets_name_idx	CREATE UNIQUE INDEX secrets_name_idx ON vault.secrets USING btree (name) WHERE (name IS NOT NULL)
