roi_dir,experiment_folder,dataset_slug,date_mount,Date imaged,Data location
/clusterfs/vast/abcabc/Korra_Foundation/20250620_mitomSG/fish1_roi1,20250620_mitomSG,20250620_mitomSG,,,
/clusterfs/vast/abcabc/Korra_Foundation/20250625_skittlez/fish1_roi1,20250625_skittlez,20250625_skittlez,,,
/clusterfs/vast/abcabc/Korra_Foundation/20250625_skittlez/fish1_roi2,20250625_skittlez,20250625_skittlez,,,
/clusterfs/vast/abcabc/Korra_Foundation/20250625_skittlez/fish3_roi1,20250625_skittlez,20250625_skittlez,,,
/clusterfs/vast/abcabc/Korra_Foundation/20250625_skittlez/fish4_roi1,20250625_skittlez,20250625_skittlez,,,
/clusterfs/vast/abcabc/Korra_Foundation/20250625_skittlez/fish5_roi1,20250625_skittlez,20250625_skittlez,,,
/clusterfs/vast/abcabc/Korra_Foundation/20250625_skittlez/fish5_roi2,20250625_skittlez,20250625_skittlez,,,
/clusterfs/vast/abcabc/Korra_Foundation/20250625_skittlez/fish7_roi1,20250625_skittlez,20250625_skittlez,,,
/clusterfs/vast/abcabc/Korra_Foundation/20250625_skittlez/fish8_roi1,20250625_skittlez,20250625_skittlez,,,
/clusterfs/vast/abcabc/Korra_Foundation/20250625_skittlez/fish8_roi2,20250625_skittlez,20250625_skittlez,,,
/clusterfs/vast/abcabc/Korra_Foundation/20250625_skittlez/fish9_roi1,20250625_skittlez,20250625_skittlez,,,
/clusterfs/vast/abcabc/Korra_Foundation/20250801_mem-histone/fish1_roi1,20250801_mem-histone,20250801_mem-histone,,,
/clusterfs/vast/abcabc/Korra_Foundation/20251007_mem-histone/fish1_48hpf_roi1,20251007_mem-histone,20251007_mem-histone,,,
/clusterfs/vast/abcabc/Korra_Foundation/20251007_mem-histone/fish1_48hpf_roi1_test,20251007_mem-histone,20251007_mem-histone,,,
/clusterfs/vast/abcabc/Korra_Foundation/20251007_mem-histone/fish1_48hpf_roi1test,20251007_mem-histone,20251007_mem-histone,,,
/clusterfs/vast/abcabc/Korra_Foundation/20251007_mem-histone/fish3_48hpf_roi1,20251007_mem-histone,20251007_mem-histone,,,
/clusterfs/vast/abcabc/Korra_Foundation/20251007_mem-histone/fish3_48hpf_roi1_test,20251007_mem-histone,20251007_mem-histone,,,
/clusterfs/vast/abcabc/Korra_Foundation/20251007_mem-histone/fish3_48hpf_roi2,20251007_mem-histone,20251007_mem-histone,,,
/clusterfs/vast/abcabc/Korra_Foundation/20251007_mem-histone/fish3_48hpf_roi2_test,20251007_mem-histone,20251007_mem-histone,,,
/clusterfs/vast/abcabc/Korra_Foundation/20251009_skittlez/fish1_roi1,20251009_skittlez,20251009_skittlez,,,
/clusterfs/vast/abcabc/Aang_Foundation/20250721_72hpf_mrna_mSG_organelle_LLS-SIM/er_roi1,20250721_72hpf_mrna_mSG_organelle_LLS-SIM,20250721_72hpf_mrna_mSG_organelle_LLS-SIM,,,
/clusterfs/vast/abcabc/Aang_Foundation/20250721_72hpf_mrna_mSG_organelle_LLS-SIM/er_roi2,20250721_72hpf_mrna_mSG_organelle_LLS-SIM,20250721_72hpf_mrna_mSG_organelle_LLS-SIM,,,
/clusterfs/vast/abcabc/Aang_Foundation/20250721_72hpf_mrna_mSG_organelle_LLS-SIM/er_roi3,20250721_72hpf_mrna_mSG_organelle_LLS-SIM,20250721_72hpf_mrna_mSG_organelle_LLS-SIM,,,
/clusterfs/vast/abcabc/Aang_Foundation/20250721_72hpf_mrna_mSG_organelle_LLS-SIM/mito_roi1,20250721_72hpf_mrna_mSG_organelle_LLS-SIM,20250721_72hpf_mrna_mSG_organelle_LLS-SIM,,,
/clusterfs/vast/abcabc/Aang_Foundation/20250721_72hpf_mrna_mSG_organelle_LLS-SIM/mito_roi2,20250721_72hpf_mrna_mSG_organelle_LLS-SIM,20250721_72hpf_mrna_mSG_organelle_LLS-SIM,,,
/clusterfs/vast/abcabc/Aang_Foundation/20250723_er-mSG_mem-mChilada/fish1_24hpf_roi1,20250723_er-mSG_mem-mChilada,20250723_er-mSG_mem-mChilada,,,
/clusterfs/vast/abcabc/Aang_Foundation/20250805_lifeact_mem-halo/fish1_48hpf_roi1,20250805_lifeact_mem-halo,20250805_lifeact_mem-halo,,,
/clusterfs/vast/abcabc/Aang_Foundation/20250805_lifeact_mem-halo/fish1_48hpf_roi2,20250805_lifeact_mem-halo,20250805_lifeact_mem-halo,,,
/clusterfs/vast/abcabc/Aang_Foundation/20250805_lifeact_mem-halo/fish1_48hpf_roi3,20250805_lifeact_mem-halo,20250805_lifeact_mem-halo,,,
/clusterfs/vast/abcabc/Aang_Foundation/20250805_lifeact_mem-halo/fish1_48hpf_roi4,20250805_lifeact_mem-halo,20250805_lifeact_mem-halo,,,
/clusterfs/vast/abcabc/Aang_Foundation/20250805_lifeact_mem-halo/fish1_48hpf_roi5,20250805_lifeact_mem-halo,20250805_lifeact_mem-halo,,,
/clusterfs/vast/abcabc/Aang_Foundation/20250903_lifeact-mSG/fish1_24hpf_roi1,20250903_lifeact-mSG,20250903_lifeact-mSG,,,
/clusterfs/vast/abcabc/Aang_Foundation/20250903_lifeact-mSG/fish1_24hpf_roi2,20250903_lifeact-mSG,20250903_lifeact-mSG,,,
/clusterfs/vast/abcabc/Aang_Foundation/20250903_lifeact-mSG/fish1_24hpf_roi3,20250903_lifeact-mSG,20250903_lifeact-mSG,,,
/clusterfs/vast/abcabc/Aang_Foundation/20250903_lifeact-mSG/fish1_24hpf_roi3_2,20250903_lifeact-mSG,20250903_lifeact-mSG,,,
/clusterfs/vast/abcabc/Aang_Foundation/20250903_lifeact-mSG/fish2_24hpf_roi1,20250903_lifeact-mSG,20250903_lifeact-mSG,,,
/clusterfs/vast/abcabc/Aang_Foundation/20250903_lifeact-mSG/fish2_24hpf_roi2,20250903_lifeact-mSG,20250903_lifeact-mSG,,,
/clusterfs/vast/abcabc/Aang_Foundation/20251002_mem_mito/fish10_24hpf_roi1,20251002_mem_mito,20251002_mem_mito,,,
/clusterfs/vast/abcabc/Aang_Foundation/20251002_mem_mito/fish10_24hpf_roi2,20251002_mem_mito,20251002_mem_mito,,,
/clusterfs/vast/abcabc/Aang_Foundation/20251002_mem_mito/fish11_24hpf_roi1,20251002_mem_mito,20251002_mem_mito,,,
/clusterfs/vast/abcabc/Aang_Foundation/20251002_mem_mito/fish11_24hpf_roi2,20251002_mem_mito,20251002_mem_mito,,,
/clusterfs/vast/abcabc/Aang_Foundation/20251002_mem_mito/fish11_24hpf_roi3,20251002_mem_mito,20251002_mem_mito,,,
/clusterfs/vast/abcabc/Aang_Foundation/20251002_mem_mito/fish12_24hpf_roi1,20251002_mem_mito,20251002_mem_mito,,,
/clusterfs/vast/abcabc/Aang_Foundation/20251002_mem_mito/fish12_24hpf_roi2,20251002_mem_mito,20251002_mem_mito,,,
/clusterfs/vast/abcabc/Aang_Foundation/20251002_mem_mito/fish12_24hpf_roi3,20251002_mem_mito,20251002_mem_mito,,,
/clusterfs/vast/abcabc/Aang_Foundation/20251002_mem_mito/fish12_24hpf_roi4,20251002_mem_mito,20251002_mem_mito,,,
/clusterfs/vast/abcabc/Aang_Foundation/20251002_mem_mito/fish1_24hpf_roi1,20251002_mem_mito,20251002_mem_mito,,,
/clusterfs/vast/abcabc/Aang_Foundation/20251002_mem_mito/fish3_24hpf_roi1,20251002_mem_mito,20251002_mem_mito,,,
/clusterfs/vast/abcabc/Aang_Foundation/20251002_mem_mito/fish3_24hpf_roi2,20251002_mem_mito,20251002_mem_mito,,,
/clusterfs/vast/abcabc/Aang_Foundation/20251002_mem_mito/fish5_24hpf_roi1,20251002_mem_mito,20251002_mem_mito,,,
/clusterfs/vast/abcabc/Aang_Foundation/20251002_mem_mito/fish5_24hpf_roi2,20251002_mem_mito,20251002_mem_mito,,,
/clusterfs/vast/abcabc/Aang_Foundation/20251002_mem_mito/fish5_24hpf_roi3,20251002_mem_mito,20251002_mem_mito,,,
/clusterfs/vast/abcabc/Aang_Foundation/20251002_mem_mito/fish6_24hpf_roi1,20251002_mem_mito,20251002_mem_mito,,,
/clusterfs/vast/abcabc/Aang_Foundation/20251002_mem_mito/fish6_24hpf_roi2,20251002_mem_mito,20251002_mem_mito,,,
/clusterfs/vast/abcabc/Aang_Foundation/20251002_mem_mito/fish6_24hpf_roi3,20251002_mem_mito,20251002_mem_mito,,,
/clusterfs/vast/abcabc/Aang_Foundation/20251002_mem_mito/fish7_24hpf_roi1,20251002_mem_mito,20251002_mem_mito,,,
/clusterfs/vast/abcabc/Aang_Foundation/20251002_mem_mito/fish7_24hpf_roi2,20251002_mem_mito,20251002_mem_mito,,,
/clusterfs/vast/abcabc/Aang_Foundation/20251002_mem_mito/fish8_24hpf_roi1,20251002_mem_mito,20251002_mem_mito,,,
/clusterfs/vast/abcabc/Aang_Foundation/20251002_mem_mito/fish8_24hpf_roi2,20251002_mem_mito,20251002_mem_mito,,,
/clusterfs/vast/abcabc/Aang_Foundation/20251002_mem_mito/fish9_24hpf_roi1,20251002_mem_mito,20251002_mem_mito,,,
/clusterfs/vast/abcabc/Aang_Foundation/20251002_mem_mito/fish9_24hpf_roi2,20251002_mem_mito,20251002_mem_mito,,,
/clusterfs/vast/abcabc/Aang_Foundation/20251003_mem_tester/fish1_48hpf_xscan_roi1_brain,20251003_mem_tester,20251003_mem_tester,,,
/clusterfs/vast/abcabc/Aang_Foundation/20251003_mem_tester/fish1_48hpf_xscan_roi2_spine_muscle,20251003_mem_tester,20251003_mem_tester,,,
/clusterfs/vast/abcabc/Aang_Foundation/20251003_mem_tester/fish1_48hpf_xscan_roi3_spine_muscle_tail,20251003_mem_tester,20251003_mem_tester,,,
/clusterfs/vast/abcabc/Aang_Foundation/20251003_mem_tester/fish1_48hpf_xscan_roi4_spine_muscle_tail,20251003_mem_tester,20251003_mem_tester,,,
/clusterfs/vast/abcabc/Aang_Foundation/20251003_mem_tester/fish1_48hpf_xscan_roi5_spine_muscle_tail,20251003_mem_tester,20251003_mem_tester,,,
/clusterfs/vast/abcabc/Aang_Foundation/20251003_mem_tester/fish1_48hpf_xscan_roi6_spine_muscle_tail,20251003_mem_tester,20251003_mem_tester,,,
/clusterfs/vast/abcabc/Aang_Foundation/20251003_mem_tester/fish1_48hpf_xscan_roi7_spine_muscle_tail,20251003_mem_tester,20251003_mem_tester,,,
/clusterfs/vast/abcabc/Aang_Foundation/20251006_mem_histone/fish1_24hpf_roi1,20251006_mem_histone,20251006_mem_histone,,,
/clusterfs/vast/abcabc/Aang_Foundation/20251006_mem_histone/fish1_24hpf_roi2,20251006_mem_histone,20251006_mem_histone,,,
/clusterfs/vast/abcabc/Aang_Foundation/20251006_mem_histone/fish1_24hpf_roi3,20251006_mem_histone,20251006_mem_histone,,,
/clusterfs/vast/abcabc/Aang_Foundation/20251006_mem_histone/fish1_24hpf_roi4,20251006_mem_histone,20251006_mem_histone,,,
/clusterfs/vast/abcabc/Aang_Foundation/20251006_mem_histone/fish3_24hpf_roi1,20251006_mem_histone,20251006_mem_histone,,,
/clusterfs/vast/abcabc/Aang_Foundation/20251006_mem_histone/fish3_24hpf_roi2,20251006_mem_histone,20251006_mem_histone,,,
/clusterfs/vast/abcabc/Aang_Foundation/20251006_mem_histone/fish4_24hpf_roi1,20251006_mem_histone,20251006_mem_histone,,,
/clusterfs/vast/abcabc/Aang_Foundation/20251006_mem_histone/fish4_24hpf_roi2,20251006_mem_histone,20251006_mem_histone,,,
/clusterfs/vast/abcabc/Aang_Foundation/20251006_mem_histone/fish4_24hpf_roi3,20251006_mem_histone,20251006_mem_histone,,,
/clusterfs/vast/abcabc/Aang_Foundation/20251006_mem_histone/fish6_24hpf_roi1,20251006_mem_histone,20251006_mem_histone,,,
/clusterfs/vast/abcabc/Aang_Foundation/20251006_mem_histone/fish6_24hpf_roi2,20251006_mem_histone,20251006_mem_histone,,,
/clusterfs/vast/abcabc/Aang_Foundation/20251007_mem_histone/fish2_48hpf_roi1,20251007_mem_histone,20251007_mem_histone,,,
/clusterfs/vast/abcabc/Aang_Foundation/20251007_mem_histone/fish2_48hpf_roi2,20251007_mem_histone,20251007_mem_histone,,,
/clusterfs/vast/abcabc/Aang_Foundation/20251007_mem_histone/fish2_48hpf_roi2_test,20251007_mem_histone,20251007_mem_histone,,,
/clusterfs/vast/abcabc/Aang_Foundation/20251007_mem_histone/fish2_48hpf_roi3,20251007_mem_histone,20251007_mem_histone,,,
/clusterfs/vast/abcabc/Aang_Foundation/20251007_mem_histone/fish2_48hpf_roi4,20251007_mem_histone,20251007_mem_histone,,,
/clusterfs/vast/abcabc/Aang_Foundation/20251007_mem_histone/fish2_48hpf_roi5,20251007_mem_histone,20251007_mem_histone,,,
/clusterfs/vast/abcabc/Aang_Foundation/20251007_mem_histone/fish3_48hpf_roi1,20251007_mem_histone,20251007_mem_histone,,,
/clusterfs/vast/abcabc/Aang_Foundation/20251009_mem-mito/fish3_48hpf_roi1,20251009_mem-mito,20251009_mem-mito,,,
/clusterfs/vast/abcabc/Aang_Foundation/20251009_mem-mito/fish3_48hpf_roi2,20251009_mem-mito,20251009_mem-mito,,,
/clusterfs/vast/abcabc/Aang_Foundation/20251009_mem-mito/fish3_48hpf_roi3,20251009_mem-mito,20251009_mem-mito,,,
/clusterfs/vast/abcabc/Aang_Foundation/20251009_mem-mito/fish3_48hpf_roi4,20251009_mem-mito,20251009_mem-mito,,,
/clusterfs/vast/abcabc/Aang_Foundation/20251021_mem-mito_v2/fish1_24hpf_roi1,20251021_mem-mito_v2,20251021_mem-mito_v2,,,
/clusterfs/vast/abcabc/Aang_Foundation/20251021_mem-mito_v2/fish2_24hpf_roi1,20251021_mem-mito_v2,20251021_mem-mito_v2,,,
/clusterfs/vast/abcabc/Aang_Foundation/20251021_mem-mito_v2/fish2_24hpf_roi2,20251021_mem-mito_v2,20251021_mem-mito_v2,,,
/clusterfs/vast/abcabc/Aang_Foundation/20251021_mem-mito_v2/fish4_24hpf_roi1,20251021_mem-mito_v2,20251021_mem-mito_v2,,,
/clusterfs/vast/abcabc/Aang_Foundation/20251021_mem-mito_v2/fish4_24hpf_roi2,20251021_mem-mito_v2,20251021_mem-mito_v2,,,
/clusterfs/vast/abcabc/Aang_Foundation/20251021_mem-mito_v2/fish4_24hpf_roi3,20251021_mem-mito_v2,20251021_mem-mito_v2,,,
/clusterfs/vast/abcabc/Aang_Foundation/20251021_mem-mito_v2/fish4_24hpf_roi4,20251021_mem-mito_v2,20251021_mem-mito_v2,,,
/clusterfs/vast/abcabc/Aang_Foundation/20251022_mem-mito/fish1_48hpf_roi1,20251022_mem-mito,20251022_mem-mito,,,
/clusterfs/vast/abcabc/Aang_Foundation/20251022_mem-mito/fish3_48hpf_roi1,20251022_mem-mito,20251022_mem-mito,,,
/clusterfs/vast/abcabc/Aang_Foundation/20251022_mem-mito/fish3_48hpf_roi2,20251022_mem-mito,20251022_mem-mito,,,
/clusterfs/vast/abcabc/Aang_Foundation/20251022_mem-mito/fish4_48hpf_roi1,20251022_mem-mito,20251022_mem-mito,,,
/clusterfs/vast/abcabc/Aang_Foundation/20251023_mem-mito/fish1_24hpf_roi1,20251023_mem-mito,20251023_mem-mito,,,
/clusterfs/vast/abcabc/Aang_Foundation/20251023_mem-mito/fish1_24hpf_roi2,20251023_mem-mito,20251023_mem-mito,,,
/clusterfs/vast/abcabc/Aang_Foundation/20251023_mem-mito/fish3_24hpf_roi1,20251023_mem-mito,20251023_mem-mito,,,
/clusterfs/vast/abcabc/Aang_Foundation/20251028_mem-peroxi2/fish1_24hpf_roi1,20251028_mem-peroxi2,20251028_mem-peroxi2,,,
/clusterfs/vast/abcabc/Aang_Foundation/20251028_mem-peroxi2/fish2_24hpf_roi1,20251028_mem-peroxi2,20251028_mem-peroxi2,,,
/clusterfs/vast/abcabc/Aang_Foundation/20251028_mem-peroxi2/fish4_24hpf_roi1,20251028_mem-peroxi2,20251028_mem-peroxi2,,,
/clusterfs/vast/abcabc/Aang_Foundation/20251028_mem-peroxi2/fish5_24hpf_roi1,20251028_mem-peroxi2,20251028_mem-peroxi2,,,
/clusterfs/vast/abcabc/Aang_Foundation/20251028_mem-peroxi2/fish6_24hpf_roi1,20251028_mem-peroxi2,20251028_mem-peroxi2,,,
/clusterfs/vast/abcabc/Aang_Foundation/20251029_peroxi/fish1_roi1,20251029_peroxi,20251029_peroxi,,,
/clusterfs/vast/abcabc/Aang_Foundation/20251107_mem-kinectocore/fish1_72hpf_roi1,20251107_mem-kinectocore,20251107_mem-kinectocore,,,
/clusterfs/vast/abcabc/Aang_Foundation/20251107_mem-mito/fish1_24hpf_roi1,20251107_mem-mito,20251107_mem-mito,,,
/clusterfs/vast/abcabc/Aang_Foundation/20251107_mem-mito/fish1_24hpf_roi1-2,20251107_mem-mito,20251107_mem-mito,,,
/clusterfs/vast/abcabc/Aang_Foundation/20251107_mem-mito/fish1_24hpf_roi2,20251107_mem-mito,20251107_mem-mito,,,
/clusterfs/vast/abcabc/Aang_Foundation/20251107_mem-mito/fish1_24hpf_roi3,20251107_mem-mito,20251107_mem-mito,,,
/clusterfs/vast/abcabc/Aang_Foundation/20251107_mem-mito/fish2_24hpf_roi3,20251107_mem-mito,20251107_mem-mito,,,
/clusterfs/vast/abcabc/Aang_Foundation/20251107_mem-mito/fish3_24hpf_roi1,20251107_mem-mito,20251107_mem-mito,,,
/clusterfs/vast/abcabc/Aang_Foundation/20251107_mem-mito/fish3_24hpf_roi2,20251107_mem-mito,20251107_mem-mito,,,
/clusterfs/vast/abcabc/Aang_Foundation/20251107_mem-mito/fish4_24hpf_roi1,20251107_mem-mito,20251107_mem-mito,,,
/clusterfs/vast/abcabc/Aang_Foundation/20251107_mem-mito/fish4_24hpf_roi2,20251107_mem-mito,20251107_mem-mito,,,
/clusterfs/vast/abcabc/Aang_Foundation/20251107_mem-mito/fish5_24hpf_roi1,20251107_mem-mito,20251107_mem-mito,,,
/clusterfs/vast/abcabc/Aang_Foundation/20251107_mem-mito/fish5_24hpf_roi2,20251107_mem-mito,20251107_mem-mito,,,
/clusterfs/vast/abcabc/Aang_Foundation/20251107_mem-mito/fish6_24hpf_roi1,20251107_mem-mito,20251107_mem-mito,,,
/clusterfs/vast/abcabc/Aang_Foundation/20251107_mem-mito/fish6_24hpf_roi2,20251107_mem-mito,20251107_mem-mito,,,
/clusterfs/vast/abcabc/Aang_Foundation/Denoising/20251028_peroxi/roi1_560_10ms,20251028_peroxi,20251028_peroxi,,,
/clusterfs/vast/abcabc/Aang_Foundation/Denoising/20251028_peroxi/roi1_560_76ms,20251028_peroxi,20251028_peroxi,,,
/clusterfs/vast/abcabc/Aang_Foundation/Denoising/20251029_peroxi/fish1_roi1,20251029_peroxi,20251029_peroxi,,,
/clusterfs/vast/abcabc/Aang_Foundation/Denoising/20251029_peroxi/fish3_roi1,20251029_peroxi,20251029_peroxi,,,
