roi_dir,experiment_folder,dataset_slug_norm,roi_path_date_yyyymmdd
/clusterfs/vast/abcabc/Korra_Foundation/20250620_mitomSG/fish1_roi1,20250620_mitomSG,20250620_mitomsg,20250620
/clusterfs/vast/abcabc/Korra_Foundation/analysis_test/fish1_roi1,analysis_test,analysis_test,
/clusterfs/vast/abcabc/Aang_Foundation/20250721_72hpf_mrna_mSG_organelle_LLS-SIM/er_roi1,20250721_72hpf_mrna_mSG_organelle_LLS-SIM,20250721_72hpf_mrna_msg_organelle_lls-sim,20250721
/clusterfs/vast/abcabc/Aang_Foundation/20250721_72hpf_mrna_mSG_organelle_LLS-SIM/er_roi2,20250721_72hpf_mrna_mSG_organelle_LLS-SIM,20250721_72hpf_mrna_msg_organelle_lls-sim,20250721
/clusterfs/vast/abcabc/Aang_Foundation/20250721_72hpf_mrna_mSG_organelle_LLS-SIM/er_roi3,20250721_72hpf_mrna_mSG_organelle_LLS-SIM,20250721_72hpf_mrna_msg_organelle_lls-sim,20250721
/clusterfs/vast/abcabc/Aang_Foundation/20250721_72hpf_mrna_mSG_organelle_LLS-SIM/mito_roi1,20250721_72hpf_mrna_mSG_organelle_LLS-SIM,20250721_72hpf_mrna_msg_organelle_lls-sim,20250721
/clusterfs/vast/abcabc/Aang_Foundation/20250721_72hpf_mrna_mSG_organelle_LLS-SIM/mito_roi2,20250721_72hpf_mrna_mSG_organelle_LLS-SIM,20250721_72hpf_mrna_msg_organelle_lls-sim,20250721
/clusterfs/vast/abcabc/Aang_Foundation/20250805_lifeact_mem-halo/fish1_48hpf_roi1,20250805_lifeact_mem-halo,20250805_lifeact_mem-halo,20250805
/clusterfs/vast/abcabc/Aang_Foundation/20250805_lifeact_mem-halo/fish1_48hpf_roi2,20250805_lifeact_mem-halo,20250805_lifeact_mem-halo,20250805
/clusterfs/vast/abcabc/Aang_Foundation/20250805_lifeact_mem-halo/fish1_48hpf_roi3,20250805_lifeact_mem-halo,20250805_lifeact_mem-halo,20250805
/clusterfs/vast/abcabc/Aang_Foundation/20250805_lifeact_mem-halo/fish1_48hpf_roi4,20250805_lifeact_mem-halo,20250805_lifeact_mem-halo,20250805
/clusterfs/vast/abcabc/Aang_Foundation/20250805_lifeact_mem-halo/fish1_48hpf_roi5,20250805_lifeact_mem-halo,20250805_lifeact_mem-halo,20250805
/clusterfs/vast/abcabc/Aang_Foundation/20250917_mem-mito/fish1_48hpf_roi1,20250917_mem-mito,20250917_mem-mito,20250917
/clusterfs/vast/abcabc/Aang_Foundation/20250917_mem-mito/fish1_48hpf_roi2,20250917_mem-mito,20250917_mem-mito,20250917
/clusterfs/vast/abcabc/Aang_Foundation/20250917_mem-mito/fish2_48hpf_roi1,20250917_mem-mito,20250917_mem-mito,20250917
/clusterfs/vast/abcabc/Aang_Foundation/20250917_mem-mito/fish2_48hpf_roi2,20250917_mem-mito,20250917_mem-mito,20250917
/clusterfs/vast/abcabc/Aang_Foundation/20250917_mem-mito/fish3_48hpf_roi1,20250917_mem-mito,20250917_mem-mito,20250917
/clusterfs/vast/abcabc/Aang_Foundation/20250917_mem-mito/fish3_48hpf_roi2,20250917_mem-mito,20250917_mem-mito,20250917
/clusterfs/vast/abcabc/Aang_Foundation/20250917_mem-mito/fish3_48hpf_roi3,20250917_mem-mito,20250917_mem-mito,20250917
/clusterfs/vast/abcabc/Aang_Foundation/20250917_mem-mito/fish3_48hpf_roi4,20250917_mem-mito,20250917_mem-mito,20250917
/clusterfs/vast/abcabc/Aang_Foundation/20250917_mem-mito/fish4_48hpf_roi1,20250917_mem-mito,20250917_mem-mito,20250917
/clusterfs/vast/abcabc/Aang_Foundation/20250917_mem-mito/fish4_48hpf_roi2,20250917_mem-mito,20250917_mem-mito,20250917
/clusterfs/vast/abcabc/Aang_Foundation/20250917_mem-mito/fish4_48hpf_roi3,20250917_mem-mito,20250917_mem-mito,20250917
/clusterfs/vast/abcabc/Aang_Foundation/20250917_mem-mito/fish4_48hpf_roi4,20250917_mem-mito,20250917_mem-mito,20250917
/clusterfs/vast/abcabc/Aang_Foundation/20250917_mem-mito/fish4_48hpf_roi5,20250917_mem-mito,20250917_mem-mito,20250917
/clusterfs/vast/abcabc/Aang_Foundation/20250917_mem-mito/fish4_48hpf_roi6,20250917_mem-mito,20250917_mem-mito,20250917
/clusterfs/vast/abcabc/Aang_Foundation/20250917_mem-mito/fish5_48hpf_roi1,20250917_mem-mito,20250917_mem-mito,20250917
/clusterfs/vast/abcabc/Aang_Foundation/20250917_mem-mito/fish5_48hpf_roi2,20250917_mem-mito,20250917_mem-mito,20250917
/clusterfs/vast/abcabc/Aang_Foundation/20250917_mem-mito/fish5_48hpf_roi3,20250917_mem-mito,20250917_mem-mito,20250917
/clusterfs/vast/abcabc/Aang_Foundation/20250917_mem-mito/fish5_48hpf_roi4,20250917_mem-mito,20250917_mem-mito,20250917
/clusterfs/vast/abcabc/Aang_Foundation/20250917_mem-mito/fish5_48hpf_roi5,20250917_mem-mito,20250917_mem-mito,20250917
/clusterfs/vast/abcabc/Aang_Foundation/20250917_mem-mito/fish6_48hpf_roi1,20250917_mem-mito,20250917_mem-mito,20250917
/clusterfs/vast/abcabc/Aang_Foundation/20250917_mem-mito/fish6_48hpf_roi2,20250917_mem-mito,20250917_mem-mito,20250917
/clusterfs/vast/abcabc/Aang_Foundation/20251002_mem_mito/fish10_24hpf_roi1,20251002_mem_mito,20251002_mem_mito,20251002
/clusterfs/vast/abcabc/Aang_Foundation/20251002_mem_mito/fish10_24hpf_roi2,20251002_mem_mito,20251002_mem_mito,20251002
/clusterfs/vast/abcabc/Aang_Foundation/20251002_mem_mito/fish11_24hpf_roi1,20251002_mem_mito,20251002_mem_mito,20251002
/clusterfs/vast/abcabc/Aang_Foundation/20251002_mem_mito/fish11_24hpf_roi2,20251002_mem_mito,20251002_mem_mito,20251002
/clusterfs/vast/abcabc/Aang_Foundation/20251002_mem_mito/fish11_24hpf_roi3,20251002_mem_mito,20251002_mem_mito,20251002
/clusterfs/vast/abcabc/Aang_Foundation/20251002_mem_mito/fish12_24hpf_roi1,20251002_mem_mito,20251002_mem_mito,20251002
/clusterfs/vast/abcabc/Aang_Foundation/20251002_mem_mito/fish12_24hpf_roi2,20251002_mem_mito,20251002_mem_mito,20251002
/clusterfs/vast/abcabc/Aang_Foundation/20251002_mem_mito/fish12_24hpf_roi3,20251002_mem_mito,20251002_mem_mito,20251002
/clusterfs/vast/abcabc/Aang_Foundation/20251002_mem_mito/fish12_24hpf_roi4,20251002_mem_mito,20251002_mem_mito,20251002
/clusterfs/vast/abcabc/Aang_Foundation/20251002_mem_mito/fish1_24hpf_roi1,20251002_mem_mito,20251002_mem_mito,20251002
/clusterfs/vast/abcabc/Aang_Foundation/20251002_mem_mito/fish3_24hpf_roi1,20251002_mem_mito,20251002_mem_mito,20251002
/clusterfs/vast/abcabc/Aang_Foundation/20251002_mem_mito/fish3_24hpf_roi2,20251002_mem_mito,20251002_mem_mito,20251002
/clusterfs/vast/abcabc/Aang_Foundation/20251002_mem_mito/fish5_24hpf_roi1,20251002_mem_mito,20251002_mem_mito,20251002
/clusterfs/vast/abcabc/Aang_Foundation/20251002_mem_mito/fish5_24hpf_roi2,20251002_mem_mito,20251002_mem_mito,20251002
/clusterfs/vast/abcabc/Aang_Foundation/20251002_mem_mito/fish5_24hpf_roi3,20251002_mem_mito,20251002_mem_mito,20251002
/clusterfs/vast/abcabc/Aang_Foundation/20251002_mem_mito/fish6_24hpf_roi1,20251002_mem_mito,20251002_mem_mito,20251002
/clusterfs/vast/abcabc/Aang_Foundation/20251002_mem_mito/fish6_24hpf_roi2,20251002_mem_mito,20251002_mem_mito,20251002
/clusterfs/vast/abcabc/Aang_Foundation/20251002_mem_mito/fish6_24hpf_roi3,20251002_mem_mito,20251002_mem_mito,20251002
/clusterfs/vast/abcabc/Aang_Foundation/20251002_mem_mito/fish7_24hpf_roi1,20251002_mem_mito,20251002_mem_mito,20251002
/clusterfs/vast/abcabc/Aang_Foundation/20251002_mem_mito/fish7_24hpf_roi2,20251002_mem_mito,20251002_mem_mito,20251002
/clusterfs/vast/abcabc/Aang_Foundation/20251002_mem_mito/fish8_24hpf_roi1,20251002_mem_mito,20251002_mem_mito,20251002
/clusterfs/vast/abcabc/Aang_Foundation/20251002_mem_mito/fish8_24hpf_roi2,20251002_mem_mito,20251002_mem_mito,20251002
/clusterfs/vast/abcabc/Aang_Foundation/20251002_mem_mito/fish9_24hpf_roi1,20251002_mem_mito,20251002_mem_mito,20251002
/clusterfs/vast/abcabc/Aang_Foundation/20251002_mem_mito/fish9_24hpf_roi2,20251002_mem_mito,20251002_mem_mito,20251002
/clusterfs/vast/abcabc/Aang_Foundation/20251003_mem_tester/fish1_48hpf_xscan_roi1_brain,20251003_mem_tester,20251003_mem_tester,20251003
/clusterfs/vast/abcabc/Aang_Foundation/20251003_mem_tester/fish1_48hpf_xscan_roi2_spine_muscle,20251003_mem_tester,20251003_mem_tester,20251003
/clusterfs/vast/abcabc/Aang_Foundation/20251003_mem_tester/fish1_48hpf_xscan_roi3_spine_muscle_tail,20251003_mem_tester,20251003_mem_tester,20251003
/clusterfs/vast/abcabc/Aang_Foundation/20251003_mem_tester/fish1_48hpf_xscan_roi4_spine_muscle_tail,20251003_mem_tester,20251003_mem_tester,20251003
/clusterfs/vast/abcabc/Aang_Foundation/20251003_mem_tester/fish1_48hpf_xscan_roi5_spine_muscle_tail,20251003_mem_tester,20251003_mem_tester,20251003
/clusterfs/vast/abcabc/Aang_Foundation/20251003_mem_tester/fish1_48hpf_xscan_roi6_spine_muscle_tail,20251003_mem_tester,20251003_mem_tester,20251003
/clusterfs/vast/abcabc/Aang_Foundation/20251003_mem_tester/fish1_48hpf_xscan_roi7_spine_muscle_tail,20251003_mem_tester,20251003_mem_tester,20251003
/clusterfs/vast/abcabc/Aang_Foundation/20251006_mem_histone/fish1_24hpf_roi1,20251006_mem_histone,20251006_mem_histone,20251006
/clusterfs/vast/abcabc/Aang_Foundation/20251006_mem_histone/fish1_24hpf_roi2,20251006_mem_histone,20251006_mem_histone,20251006
/clusterfs/vast/abcabc/Aang_Foundation/20251006_mem_histone/fish1_24hpf_roi3,20251006_mem_histone,20251006_mem_histone,20251006
/clusterfs/vast/abcabc/Aang_Foundation/20251006_mem_histone/fish1_24hpf_roi4,20251006_mem_histone,20251006_mem_histone,20251006
/clusterfs/vast/abcabc/Aang_Foundation/20251006_mem_histone/fish3_24hpf_roi1,20251006_mem_histone,20251006_mem_histone,20251006
/clusterfs/vast/abcabc/Aang_Foundation/20251006_mem_histone/fish3_24hpf_roi2,20251006_mem_histone,20251006_mem_histone,20251006
/clusterfs/vast/abcabc/Aang_Foundation/20251006_mem_histone/fish4_24hpf_roi1,20251006_mem_histone,20251006_mem_histone,20251006
/clusterfs/vast/abcabc/Aang_Foundation/20251006_mem_histone/fish4_24hpf_roi2,20251006_mem_histone,20251006_mem_histone,20251006
/clusterfs/vast/abcabc/Aang_Foundation/20251006_mem_histone/fish4_24hpf_roi3,20251006_mem_histone,20251006_mem_histone,20251006
/clusterfs/vast/abcabc/Aang_Foundation/20251006_mem_histone/fish6_24hpf_roi1,20251006_mem_histone,20251006_mem_histone,20251006
/clusterfs/vast/abcabc/Aang_Foundation/20251006_mem_histone/fish6_24hpf_roi2,20251006_mem_histone,20251006_mem_histone,20251006
/clusterfs/vast/abcabc/Aang_Foundation/20251010_mem-mito/fish1_24hpf_roi1,20251010_mem-mito,20251010_mem-mito,20251010
/clusterfs/vast/abcabc/Aang_Foundation/20251010_mem-mito/fish1_24hpf_roi2,20251010_mem-mito,20251010_mem-mito,20251010
/clusterfs/vast/abcabc/Aang_Foundation/20251010_mem-mito/fish2_24hpf_roi1,20251010_mem-mito,20251010_mem-mito,20251010
/clusterfs/vast/abcabc/Aang_Foundation/20251010_mem-mito/fish2_24hpf_roi2,20251010_mem-mito,20251010_mem-mito,20251010
/clusterfs/vast/abcabc/Aang_Foundation/20251010_mem-mito/fish3_24hpf_roi1,20251010_mem-mito,20251010_mem-mito,20251010
/clusterfs/vast/abcabc/Aang_Foundation/20251010_mem-mito/fish3_24hpf_roi2,20251010_mem-mito,20251010_mem-mito,20251010
/clusterfs/vast/abcabc/Aang_Foundation/20251010_mem-mito/fish4_24hpf_roi1,20251010_mem-mito,20251010_mem-mito,20251010
/clusterfs/vast/abcabc/Aang_Foundation/20251010_mem-mito/fish4_24hpf_roi2,20251010_mem-mito,20251010_mem-mito,20251010
/clusterfs/vast/abcabc/Aang_Foundation/20251010_mem-mito/fish5_24hpf_roi1,20251010_mem-mito,20251010_mem-mito,20251010
/clusterfs/vast/abcabc/Aang_Foundation/20251010_mem-mito/fish5_24hpf_roi2,20251010_mem-mito,20251010_mem-mito,20251010
/clusterfs/vast/abcabc/Aang_Foundation/20251010_mem-mito/fish6_24hpf_roi1,20251010_mem-mito,20251010_mem-mito,20251010
/clusterfs/vast/abcabc/Aang_Foundation/20251010_mem-mito/fish6_24hpf_roi2,20251010_mem-mito,20251010_mem-mito,20251010
/clusterfs/vast/abcabc/Aang_Foundation/20251016_mem-mito/fish1_72hpf_roi1,20251016_mem-mito,20251016_mem-mito,20251016
/clusterfs/vast/abcabc/Aang_Foundation/20251107_mem-kinectocore/fish1_72hpf_roi1,20251107_mem-kinectocore,20251107_mem-kinectocore,20251107
/clusterfs/vast/abcabc/Aang_Foundation/20251107_mem-mito/fish1_24hpf_roi1,20251107_mem-mito,20251107_mem-mito,20251107
/clusterfs/vast/abcabc/Aang_Foundation/20251107_mem-mito/fish1_24hpf_roi1-2,20251107_mem-mito,20251107_mem-mito,20251107
/clusterfs/vast/abcabc/Aang_Foundation/20251107_mem-mito/fish1_24hpf_roi2,20251107_mem-mito,20251107_mem-mito,20251107
/clusterfs/vast/abcabc/Aang_Foundation/20251107_mem-mito/fish1_24hpf_roi3,20251107_mem-mito,20251107_mem-mito,20251107
/clusterfs/vast/abcabc/Aang_Foundation/20251107_mem-mito/fish2_24hpf_roi3,20251107_mem-mito,20251107_mem-mito,20251107
/clusterfs/vast/abcabc/Aang_Foundation/20251107_mem-mito/fish3_24hpf_roi1,20251107_mem-mito,20251107_mem-mito,20251107
/clusterfs/vast/abcabc/Aang_Foundation/20251107_mem-mito/fish3_24hpf_roi2,20251107_mem-mito,20251107_mem-mito,20251107
/clusterfs/vast/abcabc/Aang_Foundation/20251107_mem-mito/fish4_24hpf_roi1,20251107_mem-mito,20251107_mem-mito,20251107
/clusterfs/vast/abcabc/Aang_Foundation/20251107_mem-mito/fish4_24hpf_roi2,20251107_mem-mito,20251107_mem-mito,20251107
/clusterfs/vast/abcabc/Aang_Foundation/20251107_mem-mito/fish5_24hpf_roi1,20251107_mem-mito,20251107_mem-mito,20251107
/clusterfs/vast/abcabc/Aang_Foundation/20251107_mem-mito/fish5_24hpf_roi2,20251107_mem-mito,20251107_mem-mito,20251107
/clusterfs/vast/abcabc/Aang_Foundation/20251107_mem-mito/fish6_24hpf_roi1,20251107_mem-mito,20251107_mem-mito,20251107
/clusterfs/vast/abcabc/Aang_Foundation/20251107_mem-mito/fish6_24hpf_roi2,20251107_mem-mito,20251107_mem-mito,20251107
/clusterfs/vast/abcabc/Aang_Foundation/Denoising/20251028_peroxi/roi1_560_10ms,Denoising,denoising,
/clusterfs/vast/abcabc/Aang_Foundation/Denoising/20251028_peroxi/roi1_560_76ms,Denoising,denoising,
/clusterfs/vast/abcabc/Aang_Foundation/Denoising/20251029_mem-histone/fish1_roi1,Denoising,denoising,
/clusterfs/vast/abcabc/Aang_Foundation/Denoising/20251029_mem-histone/fish3_roi1,Denoising,denoising,
/clusterfs/vast/abcabc/Aang_Foundation/Denoising/20251029_mem-histone/fish4_roi1,Denoising,denoising,
/clusterfs/vast/abcabc/Aang_Foundation/Denoising/20251029_mem-histone/fish5_roi1,Denoising,denoising,
/clusterfs/vast/abcabc/Aang_Foundation/Denoising/20251029_mem-histone/fish5_roi2,Denoising,denoising,
/clusterfs/vast/abcabc/Aang_Foundation/Denoising/20251029_mem-histone/fish5_roi3,Denoising,denoising,
/clusterfs/vast/abcabc/Aang_Foundation/Denoising/20251029_peroxi/fish1_roi1,Denoising,denoising,
/clusterfs/vast/abcabc/Aang_Foundation/Denoising/20251029_peroxi/fish3_roi1,Denoising,denoising,
