legacy_clutch_id,legacy_pair_id,dataset,date_mount,clutch_code,created_at
0c62a192-e5ce-4bf0-b7fc-47e0fcc74b37,7d535825-55ab-4786-8c7d-38a592d5f6a7,korra,6/24/25,LEGACY:korra:Ken_(F2_of_allele_320)xIsaac_(F2_of_allele_314):clutch:6/24/25,2025-11-15 03:08:31.328432+00
15d04cdc-90ca-4d75-9ab6-74d0e8f39f55,a4d495b0-bd80-40b1-8df6-e2423a6e8b42,aang,8/28/25,LEGACY:aang:casper/rnfxef1a:2xLynk:tdmChilada_(F1_of_al:clutch:8/28/25,2025-11-15 03:08:31.328432+00
16f558ca-d3e4-4835-98b0-37f2f82e6652,bb2a9aea-98a0-43c5-b990-a45c557478c4,aang,9/19/25,LEGACY:aang:ef1a:2xLynk:tdmChilada_(F1_of_alxef1a:2xLynk:tdmChilada_(F1_of_al:clutch:9/19/25,2025-11-15 03:08:31.328432+00
17bcd2ce-f293-48c2-8e0e-17c99d4cdbb3,4fd0f90e-cc6d-4975-8fac-877e84047e82,korra,6/5/25,LEGACY:korra:Dennis_(F2_of_allele_318)xAbe_(F2_of_allele_309):clutch:6/5/25,2025-11-15 03:08:31.328432+00
1ac939b5-038e-4767-8e33-ccbd5d789af3,fdfbdd9d-f724-4cd3-a659-42b94a1b0577,korra,10/15/25,LEGACY:korra:ef1a:2xLynk:tdmSG(J)_(F1_of_allextdmScarlet3S2:H2B-tol2_(F1_of_al:clutch:10/15/25,2025-11-15 03:08:31.328432+00
27c4e066-d57f-4ba7-89f7-c8eae02946a7,fdfbdd9d-f724-4cd3-a659-42b94a1b0577,korra,10/29/25,LEGACY:korra:ef1a:2xLynk:tdmSG(J)_(F1_of_allextdmScarlet3S2:H2B-tol2_(F1_of_al:clutch:10/29/25,2025-11-15 03:08:31.328432+00
2c942134-8291-44dc-88b4-3f34c541bdf2,a62b4a8b-e21c-482e-8591-0c283f0a8d2b,aang,10/27/25,LEGACY:aang:ef1a:2xLynk:tdmSG(J)_(F1_of_allextdmScarlet3S2:H2B-tol2_(F1_of_al:clutch:10/27/25,2025-11-15 03:08:31.328432+00
2ea85b55-0f56-43d9-b042-d9adb61a1a37,069af4a2-47a4-4f77-b395-012410322af2,korra,5/29/25,LEGACY:korra:Jim_(F2_of_allele_316)xBen_(F2_of_allele_310):clutch:5/29/25,2025-11-15 03:08:31.328432+00
30ec4515-7ae2-4a93-b571-1613fb00cb89,be3b29cb-a4c2-4e2b-8e7c-08a6914fcb4d,korra,6/18/25,LEGACY:korra:Ben_(F2_of_allele_310)xAbe_(F2_of_allele_309):clutch:6/18/25,2025-11-15 03:08:31.328432+00
319d01b9-dec7-4b2e-be36-5313dbc29e59,8c15816f-0a64-4bf9-909c-7306330a969c,korra,5/13/25,LEGACY:korra:NaNxNaN:clutch:5/13/25,2025-11-15 03:08:31.328432+00
3284fe2b-cead-4da2-81df-afe23ae86775,8c15816f-0a64-4bf9-909c-7306330a969c,korra,5/22/25,LEGACY:korra:NaNxNaN:clutch:5/22/25,2025-11-15 03:08:31.328432+00
38601061-cd29-4f9d-8d20-d5b0f91fb0b6,ac61d244-2899-400c-949e-6db7273d86eb,aang,9/22/25,LEGACY:aang:casper/rnfxtdmScarlet3S2_(F1_of_allele_325):clutch:9/22/25,2025-11-15 03:08:31.328432+00
3959eaaa-304d-4ac6-a946-4536988e6f23,3917aed2-f257-45d4-a287-f1e44e953efd,korra,5/28/25,LEGACY:korra:ef1a:2xLynk:tdmSG(J)_(F2_of_allexef1a:2xLynk:tdmSG(J)_(F2_of_alle:clutch:5/28/25,2025-11-15 03:08:31.328432+00
3a600922-c93a-48e8-aed4-4523c062848b,bcc7dcd1-2dc1-43dc-8942-d9ba1067a487,korra,10/20/25,LEGACY:korra:ef1a:2xLynk:tdmSG(J)_(F1_of_allextdmScarlet3S2:H2B-tol2_(F1_of_al:clutch:10/20/25,2025-11-15 03:08:31.328432+00
3ab84b32-b2ab-446e-ba3a-e3242530f93c,bb2a9aea-98a0-43c5-b990-a45c557478c4,aang,9/18/25,LEGACY:aang:ef1a:2xLynk:tdmChilada_(F1_of_alxef1a:2xLynk:tdmChilada_(F1_of_al:clutch:9/18/25,2025-11-15 03:08:31.328432+00
415b0680-83a5-48fb-bc8d-a6f302693918,085520c2-fe20-498c-9d12-9ec18a641001,aang,8/8/25,LEGACY:aang:membrane_mChiladaxmembrane_mChilada:clutch:8/8/25,2025-11-15 03:08:31.328432+00
41cce0e1-c55d-4d0a-ba4a-ab9c007bba01,2c0b5ff1-1c2c-4f7b-8d19-2ff90638270e,aang,11/6/25,LEGACY:aang:casperxef1a:2xLynk:tdmChilada_(F1_of_al:clutch:11/6/25,2025-11-15 03:08:31.328432+00
41e7a238-f082-4b6a-8de1-7c8379453066,5289a823-30b2-4758-a70e-40cf8e449d80,aang,8/19/25,LEGACY:aang:casper/rnfxmem:tdmChilada:clutch:8/19/25,2025-11-15 03:08:31.328432+00
4400d57c-1380-43e0-88cb-466b91348cd0,ac61d244-2899-400c-949e-6db7273d86eb,aang,10/21/25,LEGACY:aang:casper/rnfxtdmScarlet3S2_(F1_of_allele_325):clutch:10/21/25,2025-11-15 03:08:31.328432+00
49907f5f-c186-41b8-bd1d-98ff729f4f84,81933a40-5a3c-455f-8df3-8f2cccaf67e5,korra,11/12/25,LEGACY:korra:casperxmemrane_tdmScarlet3S2_(F1_of_all:clutch:11/12/25,2025-11-15 03:08:31.328432+00
4cbbbdcc-1a6c-4293-9b8d-e168c7de8296,be9ebd22-64f9-42f1-8a62-66e81d348ce0,aang,10/13/25,LEGACY:aang:ef1a:2xLynk:tdmSG(J)_(F1_of_allextdmScarlet3S2:H2B-tol2_(F1_of_al:clutch:10/13/25,2025-11-15 03:08:31.328432+00
515deeb3-acaa-4e97-98b1-f4427db902a7,736e6a61-5c78-4c67-9546-f799ce548ec7,korra,6/16/25,LEGACY:korra:ef1a:2xLynk:tdmSG(J)_(F2_of_allexef1a:2xLynk:tdmSG(J)_(F2_of_alle:clutch:6/16/25,2025-11-15 03:08:31.328432+00
57b4926a-5dc5-4359-8188-0440a7962bca,bb2a9aea-98a0-43c5-b990-a45c557478c4,aang,9/11/25,LEGACY:aang:ef1a:2xLynk:tdmChilada_(F1_of_alxef1a:2xLynk:tdmChilada_(F1_of_al:clutch:9/11/25,2025-11-15 03:08:31.328432+00
606f7b78-079f-43de-b75f-f0985d178106,5289a823-30b2-4758-a70e-40cf8e449d80,aang,8/21/25,LEGACY:aang:casper/rnfxmem:tdmChilada:clutch:8/21/25,2025-11-15 03:08:31.328432+00
618f35a0-4fe6-455b-96db-e36cd87c6707,8c15816f-0a64-4bf9-909c-7306330a969c,korra,NaN,LEGACY:korra:NaNxNaN:clutch:NaN,2025-11-15 03:08:31.328432+00
63cceaa6-3103-468b-acb3-fbfaec466707,c8c0cf48-3905-43a6-aef6-5e9d03796ff3,aang,9/8/25,LEGACY:aang:ef1a:2xLynk:tdm:mChiladaxef1a:2xLynk:tdm:mChilada:clutch:9/8/25,2025-11-15 03:08:31.328432+00
6710beb8-cd4a-4f66-8527-7e615bd81c05,3917aed2-f257-45d4-a287-f1e44e953efd,korra,5/30/25,LEGACY:korra:ef1a:2xLynk:tdmSG(J)_(F2_of_allexef1a:2xLynk:tdmSG(J)_(F2_of_alle:clutch:5/30/25,2025-11-15 03:08:31.328432+00
68f4e518-953d-4e6f-8211-51c451a0412c,23f2a174-0828-4b90-af39-d17dbc36b3fe,aang,9/24/25,LEGACY:aang:casper/rnfxfrom_Swinburne_lab_-_tank_ID_344:clutch:9/24/25,2025-11-15 03:08:31.328432+00
6988f7e2-4c87-46fb-a827-2a003bdffc7d,5ae90338-71a9-47cd-bade-22fa30a64a82,aang,10/6/25,LEGACY:aang:ef1a:2xLynk:tdmSG(J)_(F1_of_allexef1a:2xLynk:tdmSG(J)_(F1_of_alle:clutch:10/6/25,2025-11-15 03:08:31.328432+00
6c5a57e9-2329-4843-828e-4fd3c8607c95,21790f58-fdca-4657-a113-754eac017bb8,aang,10/22/25,LEGACY:aang:ef1a:2xLynk:tdmChilada_(F1_of_alxcasper/rnf:clutch:10/22/25,2025-11-15 03:08:31.328432+00
6f807633-7122-44a8-8121-ace47b30f0a6,da6b5c4f-5e98-4862-8353-dfcbab6f3862,aang,10/29/25,LEGACY:aang:casper/rnfxmemrane_tdmScarlet3S2_(F1_of_all:clutch:10/29/25,2025-11-15 03:08:31.328432+00
725175bc-90fe-4e9a-bd0f-4622d1885f27,4fd0f90e-cc6d-4975-8fac-877e84047e82,korra,6/12/25,LEGACY:korra:Dennis_(F2_of_allele_318)xAbe_(F2_of_allele_309):clutch:6/12/25,2025-11-15 03:08:31.328432+00
730b5356-8b71-45e1-83dd-a8e837a4c091,bb2a9aea-98a0-43c5-b990-a45c557478c4,aang,9/12/25,LEGACY:aang:ef1a:2xLynk:tdmChilada_(F1_of_alxef1a:2xLynk:tdmChilada_(F1_of_al:clutch:9/12/25,2025-11-15 03:08:31.328432+00
7456cccd-7b11-430c-a368-d61e38f0545d,a4d495b0-bd80-40b1-8df6-e2423a6e8b42,aang,8/27/25,LEGACY:aang:casper/rnfxef1a:2xLynk:tdmChilada_(F1_of_al:clutch:8/27/25,2025-11-15 03:08:31.328432+00
76de7baa-d3b7-48b9-8a51-9fad0b803270,bcc7dcd1-2dc1-43dc-8942-d9ba1067a487,korra,10/13/25,LEGACY:korra:ef1a:2xLynk:tdmSG(J)_(F1_of_allextdmScarlet3S2:H2B-tol2_(F1_of_al:clutch:10/13/25,2025-11-15 03:08:31.328432+00
7824386f-5c05-4cb7-b1f0-4af288cc97aa,069af4a2-47a4-4f77-b395-012410322af2,korra,6/27/25,LEGACY:korra:Jim_(F2_of_allele_316)xBen_(F2_of_allele_310):clutch:6/27/25,2025-11-15 03:08:31.328432+00
7ce5bd0a-d3a2-47e3-838c-00609e6f7e9e,5289a823-30b2-4758-a70e-40cf8e449d80,aang,9/5/25,LEGACY:aang:casper/rnfxmem:tdmChilada:clutch:9/5/25,2025-11-15 03:08:31.328432+00
7d42db91-4eed-405b-b735-8a5a896ed56a,bf3287af-a9a1-437d-8646-8f7abd532e1d,korra,7/24/25,LEGACY:korra:membrane_mChiladaxmembrane_mChilada:clutch:7/24/25,2025-11-15 03:08:31.328432+00
7dd83596-8f50-4bd1-a5d0-fda5f88318f4,55b0933f-4d71-42f1-adfd-08f070a05478,aang,8/5/25,LEGACY:aang:membrane_Haloxmembrane_Halo:clutch:8/5/25,2025-11-15 03:08:31.328432+00
7f581098-a29a-437a-b87b-eb42fc90da77,93b05823-1c0d-484a-9b06-bd34a859c53e,korra,6/2/25,LEGACY:korra:casper/rnfxef1a:2xLynk:tdmSG(J)_(F2_of_alle:clutch:6/2/25,2025-11-15 03:08:31.328432+00
806705db-a501-45a3-903e-7b696b0f1999,bcc7dcd1-2dc1-43dc-8942-d9ba1067a487,korra,10/10/25,LEGACY:korra:ef1a:2xLynk:tdmSG(J)_(F1_of_allextdmScarlet3S2:H2B-tol2_(F1_of_al:clutch:10/10/25,2025-11-15 03:08:31.328432+00
80b30bee-b617-4ca0-a2d6-ad13c1b2b241,736e6a61-5c78-4c67-9546-f799ce548ec7,korra,8/1/25,LEGACY:korra:ef1a:2xLynk:tdmSG(J)_(F2_of_allexef1a:2xLynk:tdmSG(J)_(F2_of_alle:clutch:8/1/25,2025-11-15 03:08:31.328432+00
837a78f3-2ab3-4248-a3e8-8d9bcedb93e5,736e6a61-5c78-4c67-9546-f799ce548ec7,korra,5/20/25,LEGACY:korra:ef1a:2xLynk:tdmSG(J)_(F2_of_allexef1a:2xLynk:tdmSG(J)_(F2_of_alle:clutch:5/20/25,2025-11-15 03:08:31.328432+00
95cf9b4d-5d22-4dc9-b72b-ef7b03f04d26,fdfbdd9d-f724-4cd3-a659-42b94a1b0577,korra,10/24/25,LEGACY:korra:ef1a:2xLynk:tdmSG(J)_(F1_of_allextdmScarlet3S2:H2B-tol2_(F1_of_al:clutch:10/24/25,2025-11-15 03:08:31.328432+00
9cc30b67-917f-4235-a9ce-667b9950cbe5,736e6a61-5c78-4c67-9546-f799ce548ec7,korra,7/28/25,LEGACY:korra:ef1a:2xLynk:tdmSG(J)_(F2_of_allexef1a:2xLynk:tdmSG(J)_(F2_of_alle:clutch:7/28/25,2025-11-15 03:08:31.328432+00
9d4823bf-e072-4ddf-8ca4-2aa6db0d30f2,55b0933f-4d71-42f1-adfd-08f070a05478,aang,7/22/25,LEGACY:aang:membrane_Haloxmembrane_Halo:clutch:7/22/25,2025-11-15 03:08:31.328432+00
a3dc01f8-eedd-4db0-8c2d-6262ecfa372c,137f4804-aa49-4ca0-a613-aab3214cb31b,aang,9/4/25,LEGACY:aang:casper/rnfxef1a-extended:2xLynk:tdmScarlet3:clutch:9/4/25,2025-11-15 03:08:31.328432+00
a578be17-8184-4766-8fb3-f4a37f3dc9da,21790f58-fdca-4657-a113-754eac017bb8,aang,10/9/25,LEGACY:aang:ef1a:2xLynk:tdmChilada_(F1_of_alxcasper/rnf:clutch:10/9/25,2025-11-15 03:08:31.328432+00
aa119250-248d-498f-a021-4767c947a27e,fdfbdd9d-f724-4cd3-a659-42b94a1b0577,korra,10/22/25,LEGACY:korra:ef1a:2xLynk:tdmSG(J)_(F1_of_allextdmScarlet3S2:H2B-tol2_(F1_of_al:clutch:10/22/25,2025-11-15 03:08:31.328432+00
abb3f5b3-645e-4cc5-97db-22ef89e3b076,a4d495b0-bd80-40b1-8df6-e2423a6e8b42,aang,10/23/25,LEGACY:aang:casper/rnfxef1a:2xLynk:tdmChilada_(F1_of_al:clutch:10/23/25,2025-11-15 03:08:31.328432+00
adae6e1e-d49a-47d2-a10b-0fe46db2db11,d34f0845-f455-480a-9b3d-ef4c5bb2c0c8,aang,9/15/25,LEGACY:aang:NaNxef1a:2xLynk:tdm:Halo:clutch:9/15/25,2025-11-15 03:08:31.328432+00
ae3d640e-6d82-4eab-8417-ff4fb262ed61,736e6a61-5c78-4c67-9546-f799ce548ec7,korra,7/15/25,LEGACY:korra:ef1a:2xLynk:tdmSG(J)_(F2_of_allexef1a:2xLynk:tdmSG(J)_(F2_of_alle:clutch:7/15/25,2025-11-15 03:08:31.328432+00
af35d0fe-1655-493c-b802-a9336217d4ec,736e6a61-5c78-4c67-9546-f799ce548ec7,korra,4/28/25,LEGACY:korra:ef1a:2xLynk:tdmSG(J)_(F2_of_allexef1a:2xLynk:tdmSG(J)_(F2_of_alle:clutch:4/28/25,2025-11-15 03:08:31.328432+00
af4ed904-ea66-4bb9-b199-c1f5ec6259f4,bb2a9aea-98a0-43c5-b990-a45c557478c4,aang,9/16/25,LEGACY:aang:ef1a:2xLynk:tdmChilada_(F1_of_alxef1a:2xLynk:tdmChilada_(F1_of_al:clutch:9/16/25,2025-11-15 03:08:31.328432+00
b52811dd-c3eb-4903-aa46-93ee1aac31ad,7c1e745a-08c8-4d71-859a-25013d6f5636,korra,6/13/25,LEGACY:korra:Jim_(F2_of_allele_316)xDennis_(F2_of_allele_318):clutch:6/13/25,2025-11-15 03:08:31.328432+00
b53f3e4a-0bd4-475e-871e-f336403ffb28,a62b4a8b-e21c-482e-8591-0c283f0a8d2b,aang,10/14/25,LEGACY:aang:ef1a:2xLynk:tdmSG(J)_(F1_of_allextdmScarlet3S2:H2B-tol2_(F1_of_al:clutch:10/14/25,2025-11-15 03:08:31.328432+00
b600b67f-e158-4351-a618-0f493908ee08,da6b5c4f-5e98-4862-8353-dfcbab6f3862,aang,10/28/25,LEGACY:aang:casper/rnfxmemrane_tdmScarlet3S2_(F1_of_all:clutch:10/28/25,2025-11-15 03:08:31.328432+00
b89cf2d2-3909-402c-9bff-09c2a30f648a,fdfbdd9d-f724-4cd3-a659-42b94a1b0577,korra,10/27/25,LEGACY:korra:ef1a:2xLynk:tdmSG(J)_(F1_of_allextdmScarlet3S2:H2B-tol2_(F1_of_al:clutch:10/27/25,2025-11-15 03:08:31.328432+00
c478277f-0a33-46dc-8d58-85bbe20a0e78,72a4146d-555f-4764-947b-e51fc891d513,aang,10/17/25,LEGACY:aang:casper/rnfxcasper/rnf:clutch:10/17/25,2025-11-15 03:08:31.328432+00
c7de8285-e915-42ea-bb48-8e7937061daf,55b0933f-4d71-42f1-adfd-08f070a05478,aang,8/6/25,LEGACY:aang:membrane_Haloxmembrane_Halo:clutch:8/6/25,2025-11-15 03:08:31.328432+00
c8e42746-1f5d-466a-80e3-311eac27c3f5,085520c2-fe20-498c-9d12-9ec18a641001,aang,7/22/25,LEGACY:aang:membrane_mChiladaxmembrane_mChilada:clutch:7/22/25,2025-11-15 03:08:31.328432+00
cb9f0dd9-cf65-4efb-8ffb-a48c0b7ca3e1,736e6a61-5c78-4c67-9546-f799ce548ec7,korra,6/9/25,LEGACY:korra:ef1a:2xLynk:tdmSG(J)_(F2_of_allexef1a:2xLynk:tdmSG(J)_(F2_of_alle:clutch:6/9/25,2025-11-15 03:08:31.328432+00
cf258600-a4c8-4697-a918-d20dcf4651d3,bcc7dcd1-2dc1-43dc-8942-d9ba1067a487,korra,11/10/25,LEGACY:korra:ef1a:2xLynk:tdmSG(J)_(F1_of_allextdmScarlet3S2:H2B-tol2_(F1_of_al:clutch:11/10/25,2025-11-15 03:08:31.328432+00
cfdde52a-ee6c-455e-86bb-f42d5114a4b4,39e60041-6ce1-45f4-a52e-a55f1828b20f,korra,10/17/25,LEGACY:korra:casper/rnfxcasper/rnf:clutch:10/17/25,2025-11-15 03:08:31.328432+00
d1dbe748-43c2-42ab-a9d7-abb8ff40beca,fdfbdd9d-f724-4cd3-a659-42b94a1b0577,korra,10/16/25,LEGACY:korra:ef1a:2xLynk:tdmSG(J)_(F1_of_allextdmScarlet3S2:H2B-tol2_(F1_of_al:clutch:10/16/25,2025-11-15 03:08:31.328432+00
d2baf1b0-2966-4348-844c-5d174202b3f3,63fe6616-f7ad-48e6-863d-33510afd9be8,korra,6/24/25,LEGACY:korra:Liam_(F2_of_allele_321)xChris_(F1_of_allele_317):clutch:6/24/25,2025-11-15 03:08:31.328432+00
d500e0b5-7d8d-4444-91e3-30deaa475e58,a4d495b0-bd80-40b1-8df6-e2423a6e8b42,aang,9/26/25,LEGACY:aang:casper/rnfxef1a:2xLynk:tdmChilada_(F1_of_al:clutch:9/26/25,2025-11-15 03:08:31.328432+00
d524bbd1-45ac-4148-a62d-d748a4d641ca,4fd0f90e-cc6d-4975-8fac-877e84047e82,korra,5/21/25,LEGACY:korra:Dennis_(F2_of_allele_318)xAbe_(F2_of_allele_309):clutch:5/21/25,2025-11-15 03:08:31.328432+00
d5aeeef4-4c2d-4cdb-a643-c857c94d9706,34dab0e2-51c4-476a-af5f-023e61ad13b7,korra,7/23/25,LEGACY:korra:membrane_Haloxmembrane_Halo:clutch:7/23/25,2025-11-15 03:08:31.328432+00
d73312ad-2745-466c-925b-953170f34430,8c15816f-0a64-4bf9-909c-7306330a969c,korra,5/28/25,LEGACY:korra:NaNxNaN:clutch:5/28/25,2025-11-15 03:08:31.328432+00
d771b65e-4469-40c2-8388-2b161b4791a2,5289a823-30b2-4758-a70e-40cf8e449d80,aang,8/26/25,LEGACY:aang:casper/rnfxmem:tdmChilada:clutch:8/26/25,2025-11-15 03:08:31.328432+00
d9a8b012-d0c3-4e43-b201-7838646fd423,069af4a2-47a4-4f77-b395-012410322af2,korra,6/6/25,LEGACY:korra:Jim_(F2_of_allele_316)xBen_(F2_of_allele_310):clutch:6/6/25,2025-11-15 03:08:31.328432+00
d9d4ed60-96b5-411d-b0e7-944f02692d08,5289a823-30b2-4758-a70e-40cf8e449d80,aang,9/3/25,LEGACY:aang:casper/rnfxmem:tdmChilada:clutch:9/3/25,2025-11-15 03:08:31.328432+00
dc9fda7d-683a-40e8-8079-38ac4235eca5,fa7ff40e-0306-43e3-85ad-f20e3aec1c89,aang,NaN,LEGACY:aang:NaNxNaN:clutch:NaN,2025-11-15 03:08:31.328432+00
dd6b71eb-dcf5-448c-8391-d2f5f896a259,be9ebd22-64f9-42f1-8a62-66e81d348ce0,aang,10/1/25,LEGACY:aang:ef1a:2xLynk:tdmSG(J)_(F1_of_allextdmScarlet3S2:H2B-tol2_(F1_of_al:clutch:10/1/25,2025-11-15 03:08:31.328432+00
e15ce215-b961-43b3-a26a-a1109a06ca38,21790f58-fdca-4657-a113-754eac017bb8,aang,10/14/25,LEGACY:aang:ef1a:2xLynk:tdmChilada_(F1_of_alxcasper/rnf:clutch:10/14/25,2025-11-15 03:08:31.328432+00
e7812874-fa3d-47d9-be35-6c1e2384a206,be9ebd22-64f9-42f1-8a62-66e81d348ce0,aang,10/20/25,LEGACY:aang:ef1a:2xLynk:tdmSG(J)_(F1_of_allextdmScarlet3S2:H2B-tol2_(F1_of_al:clutch:10/20/25,2025-11-15 03:08:31.328432+00
e81a173c-498a-4531-99b1-69e8ec6eaddc,b754a1dc-9cd4-4078-88f1-79d2c1276405,korra,10/7/25,LEGACY:korra:ef1a:2xLynk:tdmSG(J)_(F1_of_allexef1a:2xLynk:tdmSG(J)_(F1_of_alle:clutch:10/7/25,2025-11-15 03:08:31.328432+00
ebd9c795-7336-413a-9fcb-eaabf827c2f2,63fe6616-f7ad-48e6-863d-33510afd9be8,korra,6/3/25,LEGACY:korra:Liam_(F2_of_allele_321)xChris_(F1_of_allele_317):clutch:6/3/25,2025-11-15 03:08:31.328432+00
ef02923d-8388-4ce7-a90c-2bb7e9b0716a,736e6a61-5c78-4c67-9546-f799ce548ec7,korra,4/29/25,LEGACY:korra:ef1a:2xLynk:tdmSG(J)_(F2_of_allexef1a:2xLynk:tdmSG(J)_(F2_of_alle:clutch:4/29/25,2025-11-15 03:08:31.328432+00
f2d37dcd-fe24-4267-9a20-afe27983679c,190dcab1-5ce7-4832-9997-2d3145571722,korra,11/5/25,LEGACY:korra:casperxef1a:2xLynk:tdmChilada_(F1_of_al:clutch:11/5/25,2025-11-15 03:08:31.328432+00
f53e3b80-4899-4f40-aee1-233a2410f000,4fd0f90e-cc6d-4975-8fac-877e84047e82,korra,6/19/25,LEGACY:korra:Dennis_(F2_of_allele_318)xAbe_(F2_of_allele_309):clutch:6/19/25,2025-11-15 03:08:31.328432+00
fb650910-9531-4e18-9414-538d359a09d0,21790f58-fdca-4657-a113-754eac017bb8,aang,10/16/25,LEGACY:aang:ef1a:2xLynk:tdmChilada_(F1_of_alxcasper/rnf:clutch:10/16/25,2025-11-15 03:08:31.328432+00
fc19e1a4-61e8-4563-b3a5-d918ccb13790,2c0b5ff1-1c2c-4f7b-8d19-2ff90638270e,aang,11/5/25,LEGACY:aang:casperxef1a:2xLynk:tdmChilada_(F1_of_al:clutch:11/5/25,2025-11-15 03:08:31.328432+00
fcac0f9f-312e-4b10-bf30-110b75666ce9,23f2a174-0828-4b90-af39-d17dbc36b3fe,aang,9/25/25,LEGACY:aang:casper/rnfxfrom_Swinburne_lab_-_tank_ID_344:clutch:9/25/25,2025-11-15 03:08:31.328432+00
feb5615a-8f7e-41a5-ab00-67158af4b7c6,3917aed2-f257-45d4-a287-f1e44e953efd,korra,5/23/25,LEGACY:korra:ef1a:2xLynk:tdmSG(J)_(F2_of_allexef1a:2xLynk:tdmSG(J)_(F2_of_alle:clutch:5/23/25,2025-11-15 03:08:31.328432+00
ff1b5fa4-9fe8-4cc1-bd0a-68dcd80d443a,21790f58-fdca-4657-a113-754eac017bb8,aang,10/21/25,LEGACY:aang:ef1a:2xLynk:tdmChilada_(F1_of_alxcasper/rnf:clutch:10/21/25,2025-11-15 03:08:31.328432+00
