plate_code,plate_name,plate_date,operator,notes
korra_20250605_skittlez_skittlez,korra:skittlez,20250605_skittlez,,
korra_20251112_mem_mito_mem_mito,korra:mem-mito,20251112_mem-mito,,
aang_20251001_mem_histone_mem_histone,aang:mem-histone,20251001_mem-histone,,
korra_20250715_mem_organelle_mem_organelle,korra:mem_organelle,20250715_mem_organelle,,
aang_20250722_mem_halo_er_mSG_mem_halo_er_mSG,aang:mem-halo_er-mSG,20250722_mem-halo_er-mSG,,
aang_20250808_mem_organelle_mem_organelle,aang:mem_organelle,20250808_mem_organelle,,
korra_20250529_skittlez_skittlez,korra:skittlez,20250529_skittlez,,
aang_20250911_mem_mito_mem_mito,aang:mem-mito,20250911_mem-mito,,
aang_20250925_mem_mito_mem_mito,aang:mem-mito,20250925_mem-mito,,
aang_20250918_mem_mito_mem_mito,aang:mem-mito,20250918_mem-mito,,
korra_20250523_mem_histone_mem_histone,korra:mem_histone,20250523_mem_histone,,
aang_20251009_mem_mito_mem_mito,aang:mem-mito,20251009_mem-mito,,
aang_20251007_mem_histone_mem_histone,aang:mem_histone,20251007_mem_histone,,
aang_20251003_mem_tester_mem_tester,aang:mem_tester,20251003_mem_tester,,
aang_20251021_mem_mito_mem_mito,aang:mem-mito,20251021_mem-mito,,
aang_20250908_mem_mito_mem_mito,aang:mem-mito,20250908_mem-mito,,
korra_20250625_skittlez_skittlez,korra:skittlez,20250625_skittlez,,
korra_20250627_skittlez_skittlez,korra:skittlez,20250627_skittlez,,
aang_20250821_mem_mito_mem_mito,aang:mem_mito,20250821_mem_mito,,
korra_20250613_skittlez_skittlez,korra:skittlez,20250613_skittlez,,
aang_20251020_mem_histone_mem_histone,aang:mem-histone,20251020_mem-histone,,
korra_20250616_mem_histone_mem_histone,korra:mem-histone,20250616_mem-histone,,
aang_20250912_mem_mito_mem_mito,aang:mem-mito,20250912_mem-mito,,
korra_20250513_skittles_skittles,korra:skittles,20250513_skittles,,
korra_20250520_mem_histone_mem_histone,korra:mem_histone,20250520_mem_histone,,
aang_20251006_mem_histone_mem_histone,aang:mem_histone,20251006_mem_histone,,
aang_20250917_mem_mito_mem_mito,aang:mem-mito,20250917_mem-mito,,
aang_20251105_mem_mito_mem_mito,aang:mem-mito,20251105_mem-mito,,
korra_20250618_skittlez_skittlez,korra:skittlez,20250618_skittlez,,
korra_20251022_mem_histone_mem_histone,korra:mem-histone,20251022_mem-histone,,
aang_20251015_mem_histone_mem_histone,aang:mem-histone,20251015_mem-histone,,
aang_20250915_mem_mito_mem_mito,aang:mem-mito,20250915_mem-mito,,
korra_20250606_skittlez_skittlez,korra:skittlez,20250606_skittlez,,
aang_20250827_mem_actin_mem_actin,aang:mem_actin,20250827_mem_actin,,
korra_20250522_skittlez_skittlez,korra:skittlez,20250522_skittlez,,
aang_20251002_mem_mito_mem_mito,aang:mem_mito,20251002_mem_mito,,
aang_20250926_mem_mito_mem_mito,aang:mem-mito,20250926_mem-mito,,
aang_20251013_mem_histone_mem_histone,aang:mem-histone,20251013_mem-histone,,
korra_20251013_mem_histone_mem_histone,korra:mem-histone,20251013_mem-histone,,
aang_20250721_72hpf_mrna_mSG_organelle_LLS_SIM_72hpf_mrna_mSG_organelle_LLS_SIM,aang:72hpf_mrna_mSG_organelle_LLS-SIM,20250721_72hpf_mrna_mSG_organelle_LLS-SIM,,
korra_20251015_mem_histone_mem_histone,korra:mem-histone,20251015_mem-histone,,
aang_20250819_mem_mito_mem_mito,aang:mem_mito,20250819_mem_mito,,
korra_20251110_mem_histone_mem_histone,korra:mem-histone,20251110_mem-histone,,
aang_20250922_mem_mito_mem_mito,aang:mem-mito,20250922_mem-mito,,
aang_20251021_mem_mito_v2_mem_mito_v2,aang:mem-mito_v2,20251021_mem-mito_v2,,
korra_20250609_mem_histone_mem_histone,korra:mem-histone,20250609_mem-histone,,
aang_20251107_mem_mito_mem_mito,aang:mem-mito,20251107_mem-mito,,
korra_20251007_mem_histone_mem_histone,korra:mem-histone,20251007_mem-histone,,
aang_20250826_mem_actin_mem_actin,aang:mem_actin,20250826_mem_actin,,
aang_20251028_mem_peroxi_mem_peroxi,aang:mem-peroxi,20251028_mem-peroxi,,
korra_20251024_mem_histone_mem_histone,korra:mem-histone,20251024_mem-histone,,
aang_20250924_mem_mito_mem_mito,aang:mem-mito,20250924_mem-mito,,
aang_20250805_mito_mem_halo_mito_mem_halo,aang:mito_mem-halo,20250805_mito_mem-halo,,
aang_20251017_nuclear_envelope_nuclear_envelope,aang:nuclear_envelope,20251017_nuclear_envelope,,
aang_20251027_mem_histone_mem_histone,aang:mem-histone,20251027_mem-histone,,
aang_20251010_mem_mito_mem_mito,aang:mem-mito,20251010_mem-mito,,
korra_20250603_skittlez_skittlez,korra:skittlez,20250603_skittlez,,
aang_20250722_mrna_mito_mSG_mem_mChilada_mrna_mito_mSG_mem_mChilada,aang:mrna_mito-mSG_mem-mChilada,20250722_mrna_mito-mSG_mem-mChilada,,
aang_20251106_mem_mito_mem_mito,aang:mem-mito,20251106_mem-mito,,
aang_20250819_mem_ER_mem_ER,aang:mem_ER,20250819_mem_ER,,
korra_20250620_mitomSG_mitomSG,korra:mitomSG,20250620_mitomSG,,
aang_20250723_er_mSG_mem_mChilada_er_mSG_mem_mChilada,aang:er-mSG_mem-mChilada,20250723_er-mSG_mem-mChilada,,
aang_20250828_mem_actin_mem_actin,aang:mem_actin,20250828_mem_actin,,
korra_20250428_mem_histone_mem_histone,korra:mem_histone,20250428_mem_histone,,
korra_20250624_skittlez_Chris_x_Liam_skittlez_Chris_x_Liam,korra:skittlez_Chris_x_Liam,20250624_skittlez_Chris_x_Liam,,
korra_20250723_mem_halo_ER_mSG_mem_halo_ER_mSG,korra:mem-halo_ER-mSG,20250723_mem-halo_ER-mSG,,
korra_20251016_mem_histone_mem_histone,korra:mem-histone,20251016_mem-histone,,
aang_20250919_mem_mito_mem_mito,aang:mem-mito,20250919_mem-mito,,
aang_20251023_mem_mito_mem_mito,aang:mem-mito,20251023_mem-mito,,
korra_20250530_mem_histone_mem_histone,korra:mem-histone,20250530_mem-histone,,
aang_20251022_mem_mito_mem_mito,aang:mem-mito,20251022_mem-mito,,
korra_20251020_mem_histone_mem_histone,korra:mem-histone,20251020_mem-histone,,
aang_Denoising,aang:,Denoising,,
aang_20251028_mem_peroxi2_mem_peroxi2,aang:mem-peroxi2,20251028_mem-peroxi2,,
aang_20250904_lifeact_mSG_lifeact_mSG,aang:lifeact-mSG,20250904_lifeact-mSG,,
korra_20251029_mem_histone_mem_histone,korra:mem-histone,20251029_mem-histone,,
korra_20250429_mem_cytosol_mem_cytosol,korra:mem_cytosol,20250429_mem_cytosol,,
aang_20250903_lifeact_mSG_lifeact_mSG,aang:lifeact-mSG,20250903_lifeact-mSG,,
korra_20251106_mem_mito_mem_mito,korra:mem-mito,20251106_mem-mito,,
korra_20250612_skittlez_skittlez,korra:skittlez,20250612_skittlez,,
aang_20251107_mem_kinectocore_mem_kinectocore,aang:mem-kinectocore,20251107_mem-kinectocore,,
korra_20250528_skittlez_skittlez,korra:skittlez,20250528_skittlez,,
korra_20250521_skittles_no_membrane_skittles_no_membrane,korra:skittles_no-membrane,20250521_skittles_no-membrane,,
aang_20250805_lifeact_mem_halo_lifeact_mem_halo,aang:lifeact_mem-halo,20250805_lifeact_mem-halo,,
aang_20251028_mem_mito_mem_mito,aang:mem-mito,20251028_mem-mito,,
korra_20250624_skittlez_Issac_x_Ken_skittlez_Issac_x_Ken,korra:skittlez_Issac_x_Ken,20250624_skittlez_Issac_x_Ken,,
aang_20251029_peroxi_peroxi,aang:peroxi,20251029_peroxi,,
korra_20250619_skittlez_skittlez,korra:skittlez,20250619_skittlez,,
aang_20250905_lifeact_mSG_lifeact_mSG,aang:lifeact-mSG,20250905_lifeact-mSG,,
korra_20251027_mem_histone_mem_histone,korra:mem-histone,20251027_mem-histone,,
korra_20250602_mem_mem,korra:mem,20250602_mem,,
korra_20250801_mem_histone_mem_histone,korra:mem-histone,20250801_mem-histone,,
korra_20250724_mem_mchilada_er_mSG_mem_mchilada_er_mSG,korra:mem-mchilada_er-mSG,20250724_mem-mchilada_er-mSG,,
korra_20250801_mem_PCNA_mem_PCNA,korra:mem-PCNA,20250801_mem-PCNA,,
korra_20251017_microtubules_microtubules,korra:microtubules,20251017_microtubules,,
korra_20251009_skittlez_skittlez,korra:skittlez,20251009_skittlez,,
korra_20250728_mem_histone_mem_histone,korra:mem-histone,20250728_mem-histone,,
korra_20250528_mem_histone_mem_histone,korra:mem-histone,20250528_mem-histone,,
aang_20251016_mem_mito_mem_mito,aang:mem-mito,20251016_mem-mito,,
korra_analysis_test_test,korra:test,analysis_test,,
aang_20251016_mem_mito_v2_mem_mito_v2,aang:mem-mito_v2,20251016_mem-mito_v2,,
korra_20251010_mem_histone_mem_histone,korra:mem-histone,20251010_mem-histone,,
