roi_path	n_tiffs
/clusterfs/vast/abcabc/Aang_Foundation/20250721_72hpf_mrna_mSG_organelle_LLS-SIM/er_roi1	148
/clusterfs/vast/abcabc/Aang_Foundation/20250721_72hpf_mrna_mSG_organelle_LLS-SIM/er_roi2	74
/clusterfs/vast/abcabc/Aang_Foundation/20250721_72hpf_mrna_mSG_organelle_LLS-SIM/er_roi3	160
/clusterfs/vast/abcabc/Aang_Foundation/20250721_72hpf_mrna_mSG_organelle_LLS-SIM/mito_roi1	250
/clusterfs/vast/abcabc/Aang_Foundation/20250721_72hpf_mrna_mSG_organelle_LLS-SIM/mito_roi2	400
/clusterfs/vast/abcabc/Aang_Foundation/20250722_mem-halo_er-mSG/fish1_24hpf_roi1	60
/clusterfs/vast/abcabc/Aang_Foundation/20250722_mem-halo_er-mSG/fish1_24hpf_roi2	109
/clusterfs/vast/abcabc/Aang_Foundation/20250722_mem-halo_er-mSG/fish1_24hpf_roi3	91
/clusterfs/vast/abcabc/Aang_Foundation/20250722_mem-halo_er-mSG/fish1_24hpf_roi4	140
/clusterfs/vast/abcabc/Aang_Foundation/20250722_mem-halo_er-mSG/fish1_24hpf_roi5	48
/clusterfs/vast/abcabc/Aang_Foundation/20250722_mem-halo_er-mSG/fish2_24hpf_roi1	121
/clusterfs/vast/abcabc/Aang_Foundation/20250722_mem-halo_er-mSG/fish2_24hpf_roi2	105
/clusterfs/vast/abcabc/Aang_Foundation/20250722_mem-halo_er-mSG/fish2_24hpf_roi3	105
/clusterfs/vast/abcabc/Aang_Foundation/20250722_mem-halo_er-mSG/fish2_24hpf_roi4	35
/clusterfs/vast/abcabc/Aang_Foundation/20250722_mrna_mito-mSG_mem-mChilada/fish1_roi1	274
/clusterfs/vast/abcabc/Aang_Foundation/20250722_mrna_mito-mSG_mem-mChilada/fish1_roi2	449
/clusterfs/vast/abcabc/Aang_Foundation/20250722_mrna_mito-mSG_mem-mChilada/fish1_roi3	421
/clusterfs/vast/abcabc/Aang_Foundation/20250722_mrna_mito-mSG_mem-mChilada/fish1_test	20
/clusterfs/vast/abcabc/Aang_Foundation/20250722_mrna_mito-mSG_mem-mChilada/fish2_48hpf_roi1	98
/clusterfs/vast/abcabc/Aang_Foundation/20250722_mrna_mito-mSG_mem-mChilada/fish2_48hpf_roi2	454
/clusterfs/vast/abcabc/Aang_Foundation/20250722_mrna_mito-mSG_mem-mChilada/fish2_48hpf_roi3	591
/clusterfs/vast/abcabc/Aang_Foundation/20250722_mrna_mito-mSG_mem-mChilada/fish2_48hpf_roi4	454
/clusterfs/vast/abcabc/Aang_Foundation/20250722_mrna_mito-mSG_mem-mChilada/fish2_48hpf_roi5	433
/clusterfs/vast/abcabc/Aang_Foundation/20250722_mrna_mito-mSG_mem-mChilada/fish3_48hpf_roi1	454
/clusterfs/vast/abcabc/Aang_Foundation/20250722_mrna_mito-mSG_mem-mChilada/fish3_48hpf_roi2	454
/clusterfs/vast/abcabc/Aang_Foundation/20250722_mrna_mito-mSG_mem-mChilada/fish3_48hpf_roi3	454
/clusterfs/vast/abcabc/Aang_Foundation/20250722_mrna_mito-mSG_mem-mChilada/fish3_48hpf_roi4	442
/clusterfs/vast/abcabc/Aang_Foundation/20250723_er-mSG_mem-mChilada/fish1_24hpf_roi1	414
/clusterfs/vast/abcabc/Aang_Foundation/20250805_lifeact_mem-halo/fish1_48hpf_roi1	402
/clusterfs/vast/abcabc/Aang_Foundation/20250805_lifeact_mem-halo/fish1_48hpf_roi2	402
/clusterfs/vast/abcabc/Aang_Foundation/20250805_lifeact_mem-halo/fish1_48hpf_roi3	402
/clusterfs/vast/abcabc/Aang_Foundation/20250805_lifeact_mem-halo/fish1_48hpf_roi4	402
/clusterfs/vast/abcabc/Aang_Foundation/20250805_lifeact_mem-halo/fish1_48hpf_roi5	402
/clusterfs/vast/abcabc/Aang_Foundation/20250805_mito_mem-halo/fish1_24hpf_roi1	408
/clusterfs/vast/abcabc/Aang_Foundation/20250805_mito_mem-halo/fish1_24hpf_roi2	409
/clusterfs/vast/abcabc/Aang_Foundation/20250805_mito_mem-halo/fish2_24hpf_roi1	408
/clusterfs/vast/abcabc/Aang_Foundation/20250805_mito_mem-halo/fish2_24hpf_roi2	408
/clusterfs/vast/abcabc/Aang_Foundation/20250805_mito_mem-halo/fish2_24hpf_roi3	407
/clusterfs/vast/abcabc/Aang_Foundation/20250805_mito_mem-halo/fish3_24hpf_roi1	407
/clusterfs/vast/abcabc/Aang_Foundation/20250805_mito_mem-halo/fish3_24hpf_roi2	816
/clusterfs/vast/abcabc/Aang_Foundation/20250808_mem_organelle/fish1_24hpf_mem-mchilada_lyso-mSG/roi1	120
/clusterfs/vast/abcabc/Aang_Foundation/20250808_mem_organelle/fish1_24hpf_mem-mchilada_lyso-mSG/roi1_1	314
/clusterfs/vast/abcabc/Aang_Foundation/20250808_mem_organelle/fish1_24hpf_mem-mchilada_lyso-mSG/roi1_test	6
/clusterfs/vast/abcabc/Aang_Foundation/20250808_mem_organelle/fish1_24hpf_mem-mchilada_lyso-mSG/roi2	314
/clusterfs/vast/abcabc/Aang_Foundation/20250808_mem_organelle/fish1_24hpf_mem-mchilada_lyso-mSG/roi3	312
/clusterfs/vast/abcabc/Aang_Foundation/20250808_mem_organelle/fish2_24hpf_mem-mchilada_lyso-mSG/roi1	312
/clusterfs/vast/abcabc/Aang_Foundation/20250808_mem_organelle/fish2_24hpf_mem-mchilada_lyso-mSG/roi2	312
/clusterfs/vast/abcabc/Aang_Foundation/20250808_mem_organelle/fish2_24hpf_mem-mchilada_lyso-mSG/roi3	312
/clusterfs/vast/abcabc/Aang_Foundation/20250808_mem_organelle/fish3_24hpf_mem-mchilada_mito-mSG/roi1	318
/clusterfs/vast/abcabc/Aang_Foundation/20250808_mem_organelle/fish3_24hpf_mem-mchilada_mito-mSG/roi2	318
/clusterfs/vast/abcabc/Aang_Foundation/20250808_mem_organelle/fish3_24hpf_mem-mchilada_mito-mSG/roi3	318
/clusterfs/vast/abcabc/Aang_Foundation/20250808_mem_organelle/fish3_24hpf_mem-mchilada_mito-mSG/roi4	318
/clusterfs/vast/abcabc/Aang_Foundation/20250808_mem_organelle/fish4_24hpf_mem-mchilada_mito-mSG/roi1	318
/clusterfs/vast/abcabc/Aang_Foundation/20250808_mem_organelle/fish4_24hpf_mem-mchilada_mito-mSG/roi2	318
/clusterfs/vast/abcabc/Aang_Foundation/20250808_mem_organelle/fish4_24hpf_mem-mchilada_mito-mSG/roi3	318
/clusterfs/vast/abcabc/Aang_Foundation/20250808_mem_organelle/fish4_24hpf_mem-mchilada_mito-mSG/roi4	318
/clusterfs/vast/abcabc/Aang_Foundation/20250808_mem_organelle/fish4_24hpf_mem-mchilada_mito-mSG/roi5	318
/clusterfs/vast/abcabc/Aang_Foundation/20250808_mem_organelle/fish4_24hpf_mem-mchilada_mito-mSG/roi6	318
/clusterfs/vast/abcabc/Aang_Foundation/20250808_mem_organelle/fish4_24hpf_mem-mchilada_mito-mSG/roi7	318
/clusterfs/vast/abcabc/Aang_Foundation/20250808_mem_organelle/fish4_24hpf_mem-mchilada_mito-mSG/roi8	318
/clusterfs/vast/abcabc/Aang_Foundation/20250808_mem_organelle/fish4_24hpf_mem-mchilada_mito-mSG/roi9	312
/clusterfs/vast/abcabc/Aang_Foundation/20250819_mem_ER/fish1_24hpf_roi2	428
/clusterfs/vast/abcabc/Aang_Foundation/20250819_mem_ER/fish1_24hpf_roi3	519
/clusterfs/vast/abcabc/Aang_Foundation/20250819_mem_ER/fish1_24hpf_roi4	333
/clusterfs/vast/abcabc/Aang_Foundation/20250819_mem_ER/fish1_24hpf_roi5	337
/clusterfs/vast/abcabc/Aang_Foundation/20250819_mem_ER/fish2_24hpf_roi1	444
/clusterfs/vast/abcabc/Aang_Foundation/20250819_mem_ER/fish2_24hpf_roi2	420
/clusterfs/vast/abcabc/Aang_Foundation/20250819_mem_ER/fish2_24hpf_roi3	420
/clusterfs/vast/abcabc/Aang_Foundation/20250819_mem_ER/roi1_newscripttest	34
/clusterfs/vast/abcabc/Aang_Foundation/20250819_mem_mito/fish1_24hpf_roi1	612
/clusterfs/vast/abcabc/Aang_Foundation/20250819_mem_mito/fish1_24hpf_roi2	612
/clusterfs/vast/abcabc/Aang_Foundation/20250819_mem_mito/fish1_24hpf_roi3	612
/clusterfs/vast/abcabc/Aang_Foundation/20250819_mem_mito/fish1_24hpf_roi4	612
/clusterfs/vast/abcabc/Aang_Foundation/20250819_mem_mito/fish1_24hpf_roi5	612
/clusterfs/vast/abcabc/Aang_Foundation/20250819_mem_mito/fish1_24hpf_roi6	612
/clusterfs/vast/abcabc/Aang_Foundation/20250819_mem_mito/fish1_24hpf_roi7	612
/clusterfs/vast/abcabc/Aang_Foundation/20250819_mem_mito/fish1_24hpf_roi8	612
/clusterfs/vast/abcabc/Aang_Foundation/20250819_mem_mito/fish2_24hpf_roi1	612
/clusterfs/vast/abcabc/Aang_Foundation/20250819_mem_mito/fish2_24hpf_roi2	612
/clusterfs/vast/abcabc/Aang_Foundation/20250819_mem_mito/fish3_24hpf_roi1	612
/clusterfs/vast/abcabc/Aang_Foundation/20250819_mem_mito/fish4_48hpf_roi1	810
/clusterfs/vast/abcabc/Aang_Foundation/20250819_mem_mito/fish4_48hpf_roi3	696
/clusterfs/vast/abcabc/Aang_Foundation/20250819_mem_mito/fish4_48hpf_roi4	696
/clusterfs/vast/abcabc/Aang_Foundation/20250819_mem_mito/fish4_48hpf_roi5	696
/clusterfs/vast/abcabc/Aang_Foundation/20250819_mem_mito/fish4_48hpf_roi6	699
/clusterfs/vast/abcabc/Aang_Foundation/20250819_mem_mito/fish4_48hpf_roi7	696
/clusterfs/vast/abcabc/Aang_Foundation/20250819_mem_mito/fish4_48hpf_roi8	696
/clusterfs/vast/abcabc/Aang_Foundation/20250819_mem_mito/fish5_48hpf_roi11	1044
/clusterfs/vast/abcabc/Aang_Foundation/20250819_mem_mito/fish5_48hpf_roi12	1044
/clusterfs/vast/abcabc/Aang_Foundation/20250819_mem_mito/fish5_48hpf_roi3	8
/clusterfs/vast/abcabc/Aang_Foundation/20250819_mem_mito/fish6_48hpf_roi1	1044
/clusterfs/vast/abcabc/Aang_Foundation/20250819_mem_mito/fish6_48hpf_roi2	1044
/clusterfs/vast/abcabc/Aang_Foundation/20250819_mem_mito/fish6_48hpf_roi3	1044
/clusterfs/vast/abcabc/Aang_Foundation/20250819_mem_mito/fish6_48hpf_roi4	1044
/clusterfs/vast/abcabc/Aang_Foundation/20250819_mem_mito/fish6_48hpf_roi5	1044
/clusterfs/vast/abcabc/Aang_Foundation/20250821_mem_mito/fish1_24hpf_roi1	1747
/clusterfs/vast/abcabc/Aang_Foundation/20250821_mem_mito/fish1_24hpf_roi2	1740
/clusterfs/vast/abcabc/Aang_Foundation/20250821_mem_mito/fish2_24hpf_roi1	1044
/clusterfs/vast/abcabc/Aang_Foundation/20250821_mem_mito/fish2_24hpf_roi2	1044
/clusterfs/vast/abcabc/Aang_Foundation/20250821_mem_mito/fish3_24hpf_roi1	1740
/clusterfs/vast/abcabc/Aang_Foundation/20250821_mem_mito/fish3_24hpf_roi2	1740
/clusterfs/vast/abcabc/Aang_Foundation/20250821_mem_mito/fish4_24hpf_roi1	1740
/clusterfs/vast/abcabc/Aang_Foundation/20250821_mem_mito/fish4_24hpf_roi2	1740
/clusterfs/vast/abcabc/Aang_Foundation/20250821_mem_mito/fish5_24hpf_roi1	13
/clusterfs/vast/abcabc/Aang_Foundation/20250821_mem_mito/fish6_24hpf_roi1	1740
/clusterfs/vast/abcabc/Aang_Foundation/20250821_mem_mito/fish6_24hpf_roi2	1711
/clusterfs/vast/abcabc/Aang_Foundation/20250821_mem_mito/fish7_48hpf_roi1	1740
/clusterfs/vast/abcabc/Aang_Foundation/20250821_mem_mito/fish7_48hpf_roi2	1740
/clusterfs/vast/abcabc/Aang_Foundation/20250821_mem_mito/fish8_48hpf_roi1	1740
/clusterfs/vast/abcabc/Aang_Foundation/20250821_mem_mito/fish8_48hpf_roi2	1740
/clusterfs/vast/abcabc/Aang_Foundation/20250821_mem_mito/fish8_48hpf_roi3	1500
/clusterfs/vast/abcabc/Aang_Foundation/20250826_mem_actin/fish1_24hpf_roi1	2250
/clusterfs/vast/abcabc/Aang_Foundation/20250826_mem_actin/fish1_24hpf_roi2	1392
/clusterfs/vast/abcabc/Aang_Foundation/20250826_mem_actin/fish2_24hpf_roi1	1008
/clusterfs/vast/abcabc/Aang_Foundation/20250826_mem_actin/fish3_24hpf_roi1	1008
/clusterfs/vast/abcabc/Aang_Foundation/20250826_mem_actin/fish3_24hpf_roi2	1010
/clusterfs/vast/abcabc/Aang_Foundation/20250826_mem_actin/fish5_24hpf_roi1	1008
/clusterfs/vast/abcabc/Aang_Foundation/20250826_mem_actin/fish5_24hpf_roi2	1008
/clusterfs/vast/abcabc/Aang_Foundation/20250826_mem_actin/fish6_24hpf_roi1	1008
/clusterfs/vast/abcabc/Aang_Foundation/20250827_mem_actin/fish3_48hpf_roi1	504
/clusterfs/vast/abcabc/Aang_Foundation/20250827_mem_actin/fish3_48hpf_roi2	504
/clusterfs/vast/abcabc/Aang_Foundation/20250827_mem_actin/fish5_48hpf_roi1	168
/clusterfs/vast/abcabc/Aang_Foundation/20250827_mem_actin/fish5_48hpf_roi2	168
/clusterfs/vast/abcabc/Aang_Foundation/20250827_mem_actin/fish5_48hpf_roi3	168
/clusterfs/vast/abcabc/Aang_Foundation/20250828_mem_actin/fish1_24hpf_roi1	344
/clusterfs/vast/abcabc/Aang_Foundation/20250828_mem_actin/fish1_24hpf_roi1-2	1620
/clusterfs/vast/abcabc/Aang_Foundation/20250828_mem_actin/fish1_24hpf_roi2	720
/clusterfs/vast/abcabc/Aang_Foundation/20250828_mem_actin/fish1_24hpf_roi3	720
/clusterfs/vast/abcabc/Aang_Foundation/20250828_mem_actin/fish2_24hpf_roi1	2117
/clusterfs/vast/abcabc/Aang_Foundation/20250828_mem_actin/fish2_24hpf_roi2	2062
/clusterfs/vast/abcabc/Aang_Foundation/20250828_mem_actin/fish2_24hpf_roi2-2	2160
/clusterfs/vast/abcabc/Aang_Foundation/20250828_mem_actin/fish4_24hpf_roi1	2160
/clusterfs/vast/abcabc/Aang_Foundation/20250828_mem_actin/fish4_24hpf_roi2	2160
/clusterfs/vast/abcabc/Aang_Foundation/20250828_mem_actin/fish5_24hpf_roi1	720
/clusterfs/vast/abcabc/Aang_Foundation/20250828_mem_actin/fish5_24hpf_roi2	720
/clusterfs/vast/abcabc/Aang_Foundation/20250828_mem_actin/fish5_24hpf_roi3	720
/clusterfs/vast/abcabc/Aang_Foundation/20250828_mem_actin/fish6_24hpf_roi1	2160
/clusterfs/vast/abcabc/Aang_Foundation/20250828_mem_actin/fish6_24hpf_roi2	2160
/clusterfs/vast/abcabc/Aang_Foundation/20250903_lifeact-mSG/fish1_24hpf_roi1	464
/clusterfs/vast/abcabc/Aang_Foundation/20250903_lifeact-mSG/fish1_24hpf_roi2	720
/clusterfs/vast/abcabc/Aang_Foundation/20250903_lifeact-mSG/fish1_24hpf_roi3	146
/clusterfs/vast/abcabc/Aang_Foundation/20250903_lifeact-mSG/fish1_24hpf_roi3_2	1504
/clusterfs/vast/abcabc/Aang_Foundation/20250903_lifeact-mSG/fish2_24hpf_roi1	720
/clusterfs/vast/abcabc/Aang_Foundation/20250903_lifeact-mSG/fish2_24hpf_roi2	720
/clusterfs/vast/abcabc/Aang_Foundation/20250904_lifeact-mSG/fish1_24hpf_roi1	784
/clusterfs/vast/abcabc/Aang_Foundation/20250904_lifeact-mSG/fish1_24hpf_roi2	100
/clusterfs/vast/abcabc/Aang_Foundation/20250904_lifeact-mSG/fish1_24hpf_roi3	720
/clusterfs/vast/abcabc/Aang_Foundation/20250904_lifeact-mSG/fish1_24hpf_roi4	720
/clusterfs/vast/abcabc/Aang_Foundation/20250904_lifeact-mSG/fish1_24hpf_roi5	720
/clusterfs/vast/abcabc/Aang_Foundation/20250905_lifeact-mSG/fish2_72hpf_roi1	730
/clusterfs/vast/abcabc/Aang_Foundation/20250905_lifeact-mSG/fish2_72hpf_roi2	321
/clusterfs/vast/abcabc/Aang_Foundation/20250905_lifeact-mSG/fish2_72hpf_roi3	1008
/clusterfs/vast/abcabc/Aang_Foundation/20250905_lifeact-mSG/fish2_72hpf_roi4	1008
/clusterfs/vast/abcabc/Aang_Foundation/20250908_mem-mito/fish1_24hpf_roi1	547
/clusterfs/vast/abcabc/Aang_Foundation/20250908_mem-mito/fish1_24hpf_roi2	1332
/clusterfs/vast/abcabc/Aang_Foundation/20250908_mem-mito/fish1_24hpf_roi3	522
/clusterfs/vast/abcabc/Aang_Foundation/20250908_mem-mito/fish1_24hpf_roi4	522
/clusterfs/vast/abcabc/Aang_Foundation/20250908_mem-mito/fish2_24hpf_roi1	522
/clusterfs/vast/abcabc/Aang_Foundation/20250908_mem-mito/fish2_24hpf_roi2	348
/clusterfs/vast/abcabc/Aang_Foundation/20250908_mem-mito/fish2_24hpf_roi3	52
/clusterfs/vast/abcabc/Aang_Foundation/20250908_mem-mito/fish2_72hpf_roi1	2342
/clusterfs/vast/abcabc/Aang_Foundation/20250908_mem-mito/fish2_72hpf_roi2	1392
/clusterfs/vast/abcabc/Aang_Foundation/20250908_mem-mito/fish2_72hpf_roi3	1392
/clusterfs/vast/abcabc/Aang_Foundation/20250908_mem-mito/fish2_72hpf_roi4	1392
/clusterfs/vast/abcabc/Aang_Foundation/20250908_mem-mito/fish2_72hpf_roi5	1392
/clusterfs/vast/abcabc/Aang_Foundation/20250908_mem-mito/fish4_24hpf_roi1	348
/clusterfs/vast/abcabc/Aang_Foundation/20250908_mem-mito/fish4_24hpf_roi2	348
/clusterfs/vast/abcabc/Aang_Foundation/20250908_mem-mito/fish4_24hpf_roi3	348
/clusterfs/vast/abcabc/Aang_Foundation/20250908_mem-mito/fish5_24hpf_roi1	348
/clusterfs/vast/abcabc/Aang_Foundation/20250908_mem-mito/fish5_24hpf_roi2	348
/clusterfs/vast/abcabc/Aang_Foundation/20250908_mem-mito/fish5_24hpf_roi3	348
/clusterfs/vast/abcabc/Aang_Foundation/20250908_mem-mito/fish5_24hpf_roi4	348
/clusterfs/vast/abcabc/Aang_Foundation/20250908_mem-mito/fish6_24hpf_roi1	348
/clusterfs/vast/abcabc/Aang_Foundation/20250908_mem-mito/fish6_24hpf_roi2	348
/clusterfs/vast/abcabc/Aang_Foundation/20250908_mem-mito/fish6_24hpf_roi3	348
/clusterfs/vast/abcabc/Aang_Foundation/20250911_mem-mito/fish1_48hpf_roi1	464
/clusterfs/vast/abcabc/Aang_Foundation/20250911_mem-mito/fish1_48hpf_roi2	464
/clusterfs/vast/abcabc/Aang_Foundation/20250911_mem-mito/fish1_48hpf_roi3	464
/clusterfs/vast/abcabc/Aang_Foundation/20250911_mem-mito/fish1_48hpf_roi4	464
/clusterfs/vast/abcabc/Aang_Foundation/20250911_mem-mito/fish1_48hpf_roi5	464
/clusterfs/vast/abcabc/Aang_Foundation/20250911_mem-mito/fish2_48hpf_roi1	464
/clusterfs/vast/abcabc/Aang_Foundation/20250911_mem-mito/fish2_48hpf_roi2	464
/clusterfs/vast/abcabc/Aang_Foundation/20250911_mem-mito/fish2_48hpf_roi3	464
/clusterfs/vast/abcabc/Aang_Foundation/20250912_mem-mito/fish1_72hpf_roi1	464
/clusterfs/vast/abcabc/Aang_Foundation/20250912_mem-mito/fish1_72hpf_roi2	248
/clusterfs/vast/abcabc/Aang_Foundation/20250912_mem-mito/fish1_72hpf_roi3	410
/clusterfs/vast/abcabc/Aang_Foundation/20250912_mem-mito/fish1_72hpf_roi4	410
/clusterfs/vast/abcabc/Aang_Foundation/20250912_mem-mito/fish2_72hpf_roi1	410
/clusterfs/vast/abcabc/Aang_Foundation/20250912_mem-mito/fish2_72hpf_roi2	248
/clusterfs/vast/abcabc/Aang_Foundation/20250912_mem-mito/fish2_72hpf_roi3	464
/clusterfs/vast/abcabc/Aang_Foundation/20250912_mem-mito/fish2_72hpf_roi4	410
/clusterfs/vast/abcabc/Aang_Foundation/20250912_mem-mito/fish3_72hpf_roi1	464
/clusterfs/vast/abcabc/Aang_Foundation/20250912_mem-mito/fish3_72hpf_roi10	356
/clusterfs/vast/abcabc/Aang_Foundation/20250912_mem-mito/fish3_72hpf_roi11	464
/clusterfs/vast/abcabc/Aang_Foundation/20250912_mem-mito/fish3_72hpf_roi12	464
/clusterfs/vast/abcabc/Aang_Foundation/20250912_mem-mito/fish3_72hpf_roi2	410
/clusterfs/vast/abcabc/Aang_Foundation/20250912_mem-mito/fish3_72hpf_roi3	464
/clusterfs/vast/abcabc/Aang_Foundation/20250912_mem-mito/fish3_72hpf_roi4	464
/clusterfs/vast/abcabc/Aang_Foundation/20250912_mem-mito/fish3_72hpf_roi5	464
/clusterfs/vast/abcabc/Aang_Foundation/20250912_mem-mito/fish3_72hpf_roi6	464
/clusterfs/vast/abcabc/Aang_Foundation/20250912_mem-mito/fish3_72hpf_roi7	464
/clusterfs/vast/abcabc/Aang_Foundation/20250912_mem-mito/fish3_72hpf_roi8	464
/clusterfs/vast/abcabc/Aang_Foundation/20250912_mem-mito/fish3_72hpf_roi9	410
/clusterfs/vast/abcabc/Aang_Foundation/20250912_mem-mito/fish4_72hpf_roi1	464
/clusterfs/vast/abcabc/Aang_Foundation/20250912_mem-mito/fish4_72hpf_roi2	356
/clusterfs/vast/abcabc/Aang_Foundation/20250912_mem-mito/fish4_72hpf_roi3	248
/clusterfs/vast/abcabc/Aang_Foundation/20250912_mem-mito/fish4_72hpf_roi4	248
/clusterfs/vast/abcabc/Aang_Foundation/20250912_mem-mito/fish4_72hpf_roi5	356
/clusterfs/vast/abcabc/Aang_Foundation/20250912_mem-mito/fish4_72hpf_roi6	410
/clusterfs/vast/abcabc/Aang_Foundation/20250915_mem-mito/fish1_72hpf_roi1	302
/clusterfs/vast/abcabc/Aang_Foundation/20250915_mem-mito/fish1_72hpf_roi2	302
/clusterfs/vast/abcabc/Aang_Foundation/20250915_mem-mito/fish1_72hpf_roi3	248
/clusterfs/vast/abcabc/Aang_Foundation/20250915_mem-mito/fish1_72hpf_roi4	410
/clusterfs/vast/abcabc/Aang_Foundation/20250915_mem-mito/fish1_72hpf_roi5	248
/clusterfs/vast/abcabc/Aang_Foundation/20250915_mem-mito/fish2_72hpf_roi1	410
/clusterfs/vast/abcabc/Aang_Foundation/20250915_mem-mito/fish2_72hpf_roi2	302
/clusterfs/vast/abcabc/Aang_Foundation/20250915_mem-mito/fish2_72hpf_roi3	264
/clusterfs/vast/abcabc/Aang_Foundation/20250915_mem-mito/fish3_72hpf_roi1	302
/clusterfs/vast/abcabc/Aang_Foundation/20250915_mem-mito/fish3_72hpf_roi2	464
/clusterfs/vast/abcabc/Aang_Foundation/20250915_mem-mito/fish3_72hpf_roi3	356
/clusterfs/vast/abcabc/Aang_Foundation/20250915_mem-mito/fish3_72hpf_roi4	464
/clusterfs/vast/abcabc/Aang_Foundation/20250915_mem-mito/fish3_72hpf_roi5	302
/clusterfs/vast/abcabc/Aang_Foundation/20250915_mem-mito/fish3_72hpf_roi6	464
/clusterfs/vast/abcabc/Aang_Foundation/20250915_mem-mito/fish3_72hpf_roi7	248
/clusterfs/vast/abcabc/Aang_Foundation/20250915_mem-mito/fish5_72hpf_roi1	285
/clusterfs/vast/abcabc/Aang_Foundation/20250915_mem-mito/fish5_72hpf_roi2	356
/clusterfs/vast/abcabc/Aang_Foundation/20250915_mem-mito/fish5_72hpf_roi3	410
/clusterfs/vast/abcabc/Aang_Foundation/20250917_mem-mito/fish1_48hpf_roi1	359
/clusterfs/vast/abcabc/Aang_Foundation/20250917_mem-mito/fish1_48hpf_roi2	252
/clusterfs/vast/abcabc/Aang_Foundation/20250917_mem-mito/fish2_48hpf_roi1	356
/clusterfs/vast/abcabc/Aang_Foundation/20250917_mem-mito/fish2_48hpf_roi2	302
/clusterfs/vast/abcabc/Aang_Foundation/20250917_mem-mito/fish3_48hpf_roi1	464
/clusterfs/vast/abcabc/Aang_Foundation/20250917_mem-mito/fish3_48hpf_roi2	464
/clusterfs/vast/abcabc/Aang_Foundation/20250917_mem-mito/fish3_48hpf_roi3	410
/clusterfs/vast/abcabc/Aang_Foundation/20250917_mem-mito/fish3_48hpf_roi4	356
/clusterfs/vast/abcabc/Aang_Foundation/20250917_mem-mito/fish4_48hpf_roi1	302
/clusterfs/vast/abcabc/Aang_Foundation/20250917_mem-mito/fish4_48hpf_roi2	302
/clusterfs/vast/abcabc/Aang_Foundation/20250917_mem-mito/fish4_48hpf_roi3	356
/clusterfs/vast/abcabc/Aang_Foundation/20250917_mem-mito/fish4_48hpf_roi4	248
/clusterfs/vast/abcabc/Aang_Foundation/20250917_mem-mito/fish4_48hpf_roi5	464
/clusterfs/vast/abcabc/Aang_Foundation/20250917_mem-mito/fish4_48hpf_roi6	464
/clusterfs/vast/abcabc/Aang_Foundation/20250917_mem-mito/fish5_48hpf_roi1	356
/clusterfs/vast/abcabc/Aang_Foundation/20250917_mem-mito/fish5_48hpf_roi2	194
/clusterfs/vast/abcabc/Aang_Foundation/20250917_mem-mito/fish5_48hpf_roi3	194
/clusterfs/vast/abcabc/Aang_Foundation/20250917_mem-mito/fish5_48hpf_roi4	464
/clusterfs/vast/abcabc/Aang_Foundation/20250917_mem-mito/fish5_48hpf_roi5	248
/clusterfs/vast/abcabc/Aang_Foundation/20250917_mem-mito/fish6_48hpf_roi1	464
/clusterfs/vast/abcabc/Aang_Foundation/20250917_mem-mito/fish6_48hpf_roi2	410
/clusterfs/vast/abcabc/Aang_Foundation/20250918_mem-mito/fish1_72hpf_roi1	464
/clusterfs/vast/abcabc/Aang_Foundation/20250918_mem-mito/fish1_72hpf_roi2	410
/clusterfs/vast/abcabc/Aang_Foundation/20250918_mem-mito/fish1_72hpf_roi3	410
/clusterfs/vast/abcabc/Aang_Foundation/20250918_mem-mito/fish1_72hpf_roi4	302
/clusterfs/vast/abcabc/Aang_Foundation/20250918_mem-mito/fish1_72hpf_roi5	248
/clusterfs/vast/abcabc/Aang_Foundation/20250918_mem-mito/fish1_72hpf_roi6	464
/clusterfs/vast/abcabc/Aang_Foundation/20250918_mem-mito/fish2_72hpf_roi1	410
/clusterfs/vast/abcabc/Aang_Foundation/20250918_mem-mito/fish2_72hpf_roi2	410
/clusterfs/vast/abcabc/Aang_Foundation/20250918_mem-mito/fish2_72hpf_roi3	302
/clusterfs/vast/abcabc/Aang_Foundation/20250918_mem-mito/fish2_72hpf_roi4	356
/clusterfs/vast/abcabc/Aang_Foundation/20250918_mem-mito/fish3_72hpf_roi1	464
/clusterfs/vast/abcabc/Aang_Foundation/20250918_mem-mito/fish3_72hpf_roi10	464
/clusterfs/vast/abcabc/Aang_Foundation/20250918_mem-mito/fish3_72hpf_roi11	464
/clusterfs/vast/abcabc/Aang_Foundation/20250918_mem-mito/fish3_72hpf_roi2	248
/clusterfs/vast/abcabc/Aang_Foundation/20250918_mem-mito/fish3_72hpf_roi3	356
/clusterfs/vast/abcabc/Aang_Foundation/20250918_mem-mito/fish3_72hpf_roi4	248
/clusterfs/vast/abcabc/Aang_Foundation/20250918_mem-mito/fish3_72hpf_roi5	464
/clusterfs/vast/abcabc/Aang_Foundation/20250918_mem-mito/fish3_72hpf_roi6	302
/clusterfs/vast/abcabc/Aang_Foundation/20250918_mem-mito/fish3_72hpf_roi7	464
/clusterfs/vast/abcabc/Aang_Foundation/20250918_mem-mito/fish3_72hpf_roi8	410
/clusterfs/vast/abcabc/Aang_Foundation/20250918_mem-mito/fish3_72hpf_roi9	464
/clusterfs/vast/abcabc/Aang_Foundation/20250918_mem-mito/fish5_72hpf_roi1	464
/clusterfs/vast/abcabc/Aang_Foundation/20250918_mem-mito/fish5_72hpf_roi2	356
/clusterfs/vast/abcabc/Aang_Foundation/20250918_mem-mito/fish5_72hpf_roi3	302
/clusterfs/vast/abcabc/Aang_Foundation/20250918_mem-mito/fish5_72hpf_roi4	248
/clusterfs/vast/abcabc/Aang_Foundation/20250918_mem-mito/fish6_72hpf_roi1	464
/clusterfs/vast/abcabc/Aang_Foundation/20250919_mem-mito/fish1_24hpf_roi1	754
/clusterfs/vast/abcabc/Aang_Foundation/20250919_mem-mito/fish1_24hpf_roi2	592
/clusterfs/vast/abcabc/Aang_Foundation/20250919_mem-mito/fish1_24hpf_roi3	522
/clusterfs/vast/abcabc/Aang_Foundation/20250919_mem-mito/fish2_24hpf_roi1	592
/clusterfs/vast/abcabc/Aang_Foundation/20250919_mem-mito/fish2_24hpf_roi2	522
/clusterfs/vast/abcabc/Aang_Foundation/20250919_mem-mito/fish2_24hpf_roi3	592
/clusterfs/vast/abcabc/Aang_Foundation/20250919_mem-mito/fish4_24hpf_roi1	528
/clusterfs/vast/abcabc/Aang_Foundation/20250919_mem-mito/fish4_24hpf_roi2	462
/clusterfs/vast/abcabc/Aang_Foundation/20250919_mem-mito/fish4_24hpf_roi3	330
/clusterfs/vast/abcabc/Aang_Foundation/20250919_mem-mito/fish5_24hpf_roi1	462
/clusterfs/vast/abcabc/Aang_Foundation/20250919_mem-mito/fish5_24hpf_roi2	528
/clusterfs/vast/abcabc/Aang_Foundation/20250919_mem-mito/fish5_24hpf_roi3	330
/clusterfs/vast/abcabc/Aang_Foundation/20250919_mem-mito/fish5_24hpf_roi4	330
/clusterfs/vast/abcabc/Aang_Foundation/20250919_mem-mito/fish7_24hpf_roi1	528
/clusterfs/vast/abcabc/Aang_Foundation/20250919_mem-mito/fish7_24hpf_roi2	462
/clusterfs/vast/abcabc/Aang_Foundation/20250919_mem-mito/fish7_24hpf_roi3	528
/clusterfs/vast/abcabc/Aang_Foundation/20250919_mem-mito/fish7_24hpf_roi4	330
/clusterfs/vast/abcabc/Aang_Foundation/20250919_mem-mito/fish7_24hpf_roi5	264
/clusterfs/vast/abcabc/Aang_Foundation/20250919_mem-mito/fish8_24hpf_roi1	462
/clusterfs/vast/abcabc/Aang_Foundation/20250919_mem-mito/fish8_24hpf_roi2	462
/clusterfs/vast/abcabc/Aang_Foundation/20250919_mem-mito/fish8_24hpf_roi3	330
/clusterfs/vast/abcabc/Aang_Foundation/20250919_mem-mito/fish8_24hpf_roi4	330
/clusterfs/vast/abcabc/Aang_Foundation/20250919_mem-mito/fish8_24hpf_roi5	396
/clusterfs/vast/abcabc/Aang_Foundation/20250922_mem-mito/fish1_72hpf_roi1	472
/clusterfs/vast/abcabc/Aang_Foundation/20250922_mem-mito/fish1_72hpf_roi2	464
/clusterfs/vast/abcabc/Aang_Foundation/20250922_mem-mito/fish1_72hpf_roi3	464
/clusterfs/vast/abcabc/Aang_Foundation/20250922_mem-mito/fish1_72hpf_roi4	464
/clusterfs/vast/abcabc/Aang_Foundation/20250922_mem-mito/fish1_72hpf_roi5	164
/clusterfs/vast/abcabc/Aang_Foundation/20250922_mem-mito/fish1_72hpf_roi6	464
/clusterfs/vast/abcabc/Aang_Foundation/20250922_mem-mito/fish1_72hpf_roi7	464
/clusterfs/vast/abcabc/Aang_Foundation/20250922_mem-mito/fish1_72hpf_roi8	464
/clusterfs/vast/abcabc/Aang_Foundation/20250922_mem-mito/fish2_72hpf_roi1	400
/clusterfs/vast/abcabc/Aang_Foundation/20250922_mem-mito/fish2_72hpf_roi2	400
/clusterfs/vast/abcabc/Aang_Foundation/20250922_mem-mito/fish2_72hpf_roi3	400
/clusterfs/vast/abcabc/Aang_Foundation/20250922_mem-mito/fish2_72hpf_roi4	400
/clusterfs/vast/abcabc/Aang_Foundation/20250922_mem-mito/fish4_72hpf_roi1	400
/clusterfs/vast/abcabc/Aang_Foundation/20250922_mem-mito/fish5_72hpf_roi1	400
/clusterfs/vast/abcabc/Aang_Foundation/20250922_mem-mito/fish5_72hpf_roi2	400
/clusterfs/vast/abcabc/Aang_Foundation/20250922_mem-mito/fish5_72hpf_roi3	400
/clusterfs/vast/abcabc/Aang_Foundation/20250922_mem-mito/fish5_72hpf_roi4	400
/clusterfs/vast/abcabc/Aang_Foundation/20250924_mem-mito/fish1_24hpf_roi1	612
/clusterfs/vast/abcabc/Aang_Foundation/20250924_mem-mito/fish1_24hpf_roi2	600
/clusterfs/vast/abcabc/Aang_Foundation/20250924_mem-mito/fish1_24hpf_roi3	608
/clusterfs/vast/abcabc/Aang_Foundation/20250924_mem-mito/fish1_24hpf_roi4	482
/clusterfs/vast/abcabc/Aang_Foundation/20250924_mem-mito/fish1_24hpf_roi5	244
/clusterfs/vast/abcabc/Aang_Foundation/20250924_mem-mito/fish1_24hpf_roi6	308
/clusterfs/vast/abcabc/Aang_Foundation/20250924_mem-mito/fish2_24hpf_roi1	478
/clusterfs/vast/abcabc/Aang_Foundation/20250924_mem-mito/fish2_24hpf_roi2	480
/clusterfs/vast/abcabc/Aang_Foundation/20250924_mem-mito/fish3_24hpf_roi1	976
/clusterfs/vast/abcabc/Aang_Foundation/20250924_mem-mito/fish3_24hpf_roi1_test	16
/clusterfs/vast/abcabc/Aang_Foundation/20250924_mem-mito/fish3_24hpf_roi3	480
/clusterfs/vast/abcabc/Aang_Foundation/20250924_mem-mito/fish3_24hpf_roi4	478
/clusterfs/vast/abcabc/Aang_Foundation/20250924_mem-mito/fish3_24hpf_roi5	480
/clusterfs/vast/abcabc/Aang_Foundation/20250924_mem-mito/fish3_24hpf_roi6	480
/clusterfs/vast/abcabc/Aang_Foundation/20250924_mem-mito/fish3_24hpf_roi7	476
/clusterfs/vast/abcabc/Aang_Foundation/20250924_mem-mito/fish4_24hpf_roi1	478
/clusterfs/vast/abcabc/Aang_Foundation/20250924_mem-mito/fish4_24hpf_roi2	480
/clusterfs/vast/abcabc/Aang_Foundation/20250924_mem-mito/fish4_24hpf_roi3	634
/clusterfs/vast/abcabc/Aang_Foundation/20250925_mem-mito/fish1_48hpf_roi1	726
/clusterfs/vast/abcabc/Aang_Foundation/20250925_mem-mito/fish1_48hpf_roi2	726
/clusterfs/vast/abcabc/Aang_Foundation/20250925_mem-mito/fish1_48hpf_roi3	734
/clusterfs/vast/abcabc/Aang_Foundation/20250925_mem-mito/fish3_48hpf_roi1	736
/clusterfs/vast/abcabc/Aang_Foundation/20250925_mem-mito/fish3_48hpf_roi2	732
/clusterfs/vast/abcabc/Aang_Foundation/20250925_mem-mito/fish3_48hpf_roi3	738
/clusterfs/vast/abcabc/Aang_Foundation/20250925_mem-mito/fish3_48hpf_roi4	740
/clusterfs/vast/abcabc/Aang_Foundation/20250926_mem-mito/fish1_48hpf_roi1	505
/clusterfs/vast/abcabc/Aang_Foundation/20250926_mem-mito/fish1_48hpf_roi2	722
/clusterfs/vast/abcabc/Aang_Foundation/20250926_mem-mito/fish1_48hpf_roi3	726
/clusterfs/vast/abcabc/Aang_Foundation/20250926_mem-mito/fish1_48hpf_roi4	730
/clusterfs/vast/abcabc/Aang_Foundation/20250926_mem-mito/fish2_48hpf_roi1	726
/clusterfs/vast/abcabc/Aang_Foundation/20250926_mem-mito/fish2_48hpf_roi2	838
/clusterfs/vast/abcabc/Aang_Foundation/20250926_mem-mito/fish2_48hpf_roi3	726
/clusterfs/vast/abcabc/Aang_Foundation/20250926_mem-mito/fish2_48hpf_roi4	543
/clusterfs/vast/abcabc/Aang_Foundation/20250926_mem-mito/fish3_48hpf_roi1	730
/clusterfs/vast/abcabc/Aang_Foundation/20250926_mem-mito/fish3_48hpf_roi2	728
/clusterfs/vast/abcabc/Aang_Foundation/20250926_mem-mito/fish3_48hpf_roi3	744
/clusterfs/vast/abcabc/Aang_Foundation/20250926_mem-mito/fish3_48hpf_roi4	744
/clusterfs/vast/abcabc/Aang_Foundation/20250926_mem-mito/fish_48hpf_roi1	730
/clusterfs/vast/abcabc/Aang_Foundation/20250926_mem-mito/fish_48hpf_roi2	732
/clusterfs/vast/abcabc/Aang_Foundation/20250926_mem-mito/fish_48hpf_roi3	734
/clusterfs/vast/abcabc/Aang_Foundation/20250926_mem-mito/fish_48hpf_roi4	740
/clusterfs/vast/abcabc/Aang_Foundation/20251001_mem-histone/fish1_24hpf_roi1	3112
/clusterfs/vast/abcabc/Aang_Foundation/20251001_mem-histone/fish1_24hpf_roi2	2220
/clusterfs/vast/abcabc/Aang_Foundation/20251001_mem-histone/fish2_24hpf_roi1	2220
/clusterfs/vast/abcabc/Aang_Foundation/20251001_mem-histone/fish2_24hpf_roi2	2220
/clusterfs/vast/abcabc/Aang_Foundation/20251001_mem-histone/fish2_24hpf_roi3	2220
/clusterfs/vast/abcabc/Aang_Foundation/20251001_mem-histone/fish4_24hpf_roi1	2220
/clusterfs/vast/abcabc/Aang_Foundation/20251001_mem-histone/fish4_24hpf_roi2	2220
/clusterfs/vast/abcabc/Aang_Foundation/20251001_mem-histone/fish5_24hpf_roi1	2220
/clusterfs/vast/abcabc/Aang_Foundation/20251001_mem-histone/fish5_24hpf_roi2	2220
/clusterfs/vast/abcabc/Aang_Foundation/20251001_mem-histone/fish5_24hpf_roi3	2220
/clusterfs/vast/abcabc/Aang_Foundation/20251001_mem-histone/fish5_24hpf_roi4	2220
/clusterfs/vast/abcabc/Aang_Foundation/20251002_mem_mito/fish10_24hpf_roi1	338
/clusterfs/vast/abcabc/Aang_Foundation/20251002_mem_mito/fish10_24hpf_roi2	338
/clusterfs/vast/abcabc/Aang_Foundation/20251002_mem_mito/fish11_24hpf_roi1	474
/clusterfs/vast/abcabc/Aang_Foundation/20251002_mem_mito/fish11_24hpf_roi2	470
/clusterfs/vast/abcabc/Aang_Foundation/20251002_mem_mito/fish11_24hpf_roi3	466
/clusterfs/vast/abcabc/Aang_Foundation/20251002_mem_mito/fish12_24hpf_roi1	470
/clusterfs/vast/abcabc/Aang_Foundation/20251002_mem_mito/fish12_24hpf_roi2	466
/clusterfs/vast/abcabc/Aang_Foundation/20251002_mem_mito/fish12_24hpf_roi3	468
/clusterfs/vast/abcabc/Aang_Foundation/20251002_mem_mito/fish12_24hpf_roi4	476
/clusterfs/vast/abcabc/Aang_Foundation/20251002_mem_mito/fish1_24hpf_roi1	493
/clusterfs/vast/abcabc/Aang_Foundation/20251002_mem_mito/fish3_24hpf_roi1	437
/clusterfs/vast/abcabc/Aang_Foundation/20251002_mem_mito/fish3_24hpf_roi2	224
/clusterfs/vast/abcabc/Aang_Foundation/20251002_mem_mito/fish5_24hpf_roi1	224
/clusterfs/vast/abcabc/Aang_Foundation/20251002_mem_mito/fish5_24hpf_roi2	224
/clusterfs/vast/abcabc/Aang_Foundation/20251002_mem_mito/fish5_24hpf_roi3	224
/clusterfs/vast/abcabc/Aang_Foundation/20251002_mem_mito/fish6_24hpf_roi1	482
/clusterfs/vast/abcabc/Aang_Foundation/20251002_mem_mito/fish6_24hpf_roi2	480
/clusterfs/vast/abcabc/Aang_Foundation/20251002_mem_mito/fish6_24hpf_roi3	304
/clusterfs/vast/abcabc/Aang_Foundation/20251002_mem_mito/fish7_24hpf_roi1	338
/clusterfs/vast/abcabc/Aang_Foundation/20251002_mem_mito/fish7_24hpf_roi2	336
/clusterfs/vast/abcabc/Aang_Foundation/20251002_mem_mito/fish8_24hpf_roi1	342
/clusterfs/vast/abcabc/Aang_Foundation/20251002_mem_mito/fish8_24hpf_roi2	346
/clusterfs/vast/abcabc/Aang_Foundation/20251002_mem_mito/fish9_24hpf_roi1	506
/clusterfs/vast/abcabc/Aang_Foundation/20251002_mem_mito/fish9_24hpf_roi2	504
/clusterfs/vast/abcabc/Aang_Foundation/20251003_mem_tester/fish1_48hpf_xscan_roi1_brain	31
/clusterfs/vast/abcabc/Aang_Foundation/20251003_mem_tester/fish1_48hpf_xscan_roi2_spine_muscle	20
/clusterfs/vast/abcabc/Aang_Foundation/20251003_mem_tester/fish1_48hpf_xscan_roi3_spine_muscle_tail	20
/clusterfs/vast/abcabc/Aang_Foundation/20251003_mem_tester/fish1_48hpf_xscan_roi4_spine_muscle_tail	20
/clusterfs/vast/abcabc/Aang_Foundation/20251003_mem_tester/fish1_48hpf_xscan_roi5_spine_muscle_tail	20
/clusterfs/vast/abcabc/Aang_Foundation/20251003_mem_tester/fish1_48hpf_xscan_roi6_spine_muscle_tail	20
/clusterfs/vast/abcabc/Aang_Foundation/20251003_mem_tester/fish1_48hpf_xscan_roi7_spine_muscle_tail	20
/clusterfs/vast/abcabc/Aang_Foundation/20251006_mem_histone/fish1_24hpf_roi1	1454
/clusterfs/vast/abcabc/Aang_Foundation/20251006_mem_histone/fish1_24hpf_roi2	1460
/clusterfs/vast/abcabc/Aang_Foundation/20251006_mem_histone/fish1_24hpf_roi3	1452
/clusterfs/vast/abcabc/Aang_Foundation/20251006_mem_histone/fish1_24hpf_roi4	1458
/clusterfs/vast/abcabc/Aang_Foundation/20251006_mem_histone/fish3_24hpf_roi1	1164
/clusterfs/vast/abcabc/Aang_Foundation/20251006_mem_histone/fish3_24hpf_roi2	1174
/clusterfs/vast/abcabc/Aang_Foundation/20251006_mem_histone/fish4_24hpf_roi1	1208
/clusterfs/vast/abcabc/Aang_Foundation/20251006_mem_histone/fish4_24hpf_roi2	1216
/clusterfs/vast/abcabc/Aang_Foundation/20251006_mem_histone/fish4_24hpf_roi3	1216
/clusterfs/vast/abcabc/Aang_Foundation/20251006_mem_histone/fish6_24hpf_roi1	1216
/clusterfs/vast/abcabc/Aang_Foundation/20251006_mem_histone/fish6_24hpf_roi2	1216
/clusterfs/vast/abcabc/Aang_Foundation/20251007_mem_histone/fish2_48hpf_roi1	1255
/clusterfs/vast/abcabc/Aang_Foundation/20251007_mem_histone/fish2_48hpf_roi2	58
/clusterfs/vast/abcabc/Aang_Foundation/20251007_mem_histone/fish2_48hpf_roi2_test	456
/clusterfs/vast/abcabc/Aang_Foundation/20251007_mem_histone/fish2_48hpf_roi3	1192
/clusterfs/vast/abcabc/Aang_Foundation/20251007_mem_histone/fish2_48hpf_roi4	1194
/clusterfs/vast/abcabc/Aang_Foundation/20251007_mem_histone/fish2_48hpf_roi5	1200
/clusterfs/vast/abcabc/Aang_Foundation/20251007_mem_histone/fish3_48hpf_roi1	1196
/clusterfs/vast/abcabc/Aang_Foundation/20251009_mem-mito/fish3_48hpf_roi1	354
/clusterfs/vast/abcabc/Aang_Foundation/20251009_mem-mito/fish3_48hpf_roi2	498
/clusterfs/vast/abcabc/Aang_Foundation/20251009_mem-mito/fish3_48hpf_roi3	498
/clusterfs/vast/abcabc/Aang_Foundation/20251009_mem-mito/fish3_48hpf_roi4	500
/clusterfs/vast/abcabc/Aang_Foundation/20251010_mem-mito/fish1_24hpf_roi1	1412
/clusterfs/vast/abcabc/Aang_Foundation/20251010_mem-mito/fish1_24hpf_roi2	1174
/clusterfs/vast/abcabc/Aang_Foundation/20251010_mem-mito/fish2_24hpf_roi1	4820
/clusterfs/vast/abcabc/Aang_Foundation/20251010_mem-mito/fish2_24hpf_roi2	4856
/clusterfs/vast/abcabc/Aang_Foundation/20251010_mem-mito/fish3_24hpf_roi1	4828
/clusterfs/vast/abcabc/Aang_Foundation/20251010_mem-mito/fish3_24hpf_roi2	4880
/clusterfs/vast/abcabc/Aang_Foundation/20251010_mem-mito/fish4_24hpf_roi1	4880
/clusterfs/vast/abcabc/Aang_Foundation/20251010_mem-mito/fish4_24hpf_roi2	4890
/clusterfs/vast/abcabc/Aang_Foundation/20251010_mem-mito/fish5_24hpf_roi1	4880
/clusterfs/vast/abcabc/Aang_Foundation/20251010_mem-mito/fish5_24hpf_roi2	4862
/clusterfs/vast/abcabc/Aang_Foundation/20251010_mem-mito/fish6_24hpf_roi1	4864
/clusterfs/vast/abcabc/Aang_Foundation/20251010_mem-mito/fish6_24hpf_roi2	4860
/clusterfs/vast/abcabc/Aang_Foundation/20251013_mem-histone/fish1_96hpf_roi1	4896
/clusterfs/vast/abcabc/Aang_Foundation/20251013_mem-histone/fish1_96hpf_roi3	4894
/clusterfs/vast/abcabc/Aang_Foundation/20251013_mem-histone/fish3_96hpf_roi1	4896
/clusterfs/vast/abcabc/Aang_Foundation/20251013_mem-histone/fish3_96hpf_roi2	4896
/clusterfs/vast/abcabc/Aang_Foundation/20251013_mem-histone/fish3_96hpf_roi3	4896
/clusterfs/vast/abcabc/Aang_Foundation/20251013_mem-histone/fish3_96hpf_roi4	4894
/clusterfs/vast/abcabc/Aang_Foundation/20251015_mem-histone/fish1_48hpf_roi1	4896
/clusterfs/vast/abcabc/Aang_Foundation/20251015_mem-histone/fish1_48hpf_roi2	4896
/clusterfs/vast/abcabc/Aang_Foundation/20251015_mem-histone/fish1_48hpf_roi3	4896
/clusterfs/vast/abcabc/Aang_Foundation/20251015_mem-histone/fish2_48hpf_roi1	4896
/clusterfs/vast/abcabc/Aang_Foundation/20251015_mem-histone/fish3_48hpf_roi1	4896
/clusterfs/vast/abcabc/Aang_Foundation/20251015_mem-histone/fish3_48hpf_roi2	4894
/clusterfs/vast/abcabc/Aang_Foundation/20251015_mem-histone/fish4_48hpf_roi1	4896
/clusterfs/vast/abcabc/Aang_Foundation/20251015_mem-histone/fish4_48hpf_roi2	4896
/clusterfs/vast/abcabc/Aang_Foundation/20251015_mem-histone/fish4_48hpf_roi3	4896
/clusterfs/vast/abcabc/Aang_Foundation/20251015_mem-histone/fish5_48hpf_roi1	4896
/clusterfs/vast/abcabc/Aang_Foundation/20251015_mem-histone/fish6_48hpf_roi1	4896
/clusterfs/vast/abcabc/Aang_Foundation/20251016_mem-mito/fish1_72hpf_roi1	368
/clusterfs/vast/abcabc/Aang_Foundation/20251016_mem-mito_v2/fish1_72hpf_roi1	368
/clusterfs/vast/abcabc/Aang_Foundation/20251016_mem-mito_v2/fish1_72hpf_roi2	368
/clusterfs/vast/abcabc/Aang_Foundation/20251017_nuclear_envelope/fish1_24hpf_roi1_test	104
/clusterfs/vast/abcabc/Aang_Foundation/20251017_nuclear_envelope/fish1_24hpf_roi1_test_SIM	352
/clusterfs/vast/abcabc/Aang_Foundation/20251020_mem-histone/fish1_72hpf_roi1	3258
/clusterfs/vast/abcabc/Aang_Foundation/20251020_mem-histone/fish1_72hpf_roi2	3264
/clusterfs/vast/abcabc/Aang_Foundation/20251020_mem-histone/fish1_72hpf_roi3	3216
/clusterfs/vast/abcabc/Aang_Foundation/20251020_mem-histone/fish1_72hpf_roi4	3234
/clusterfs/vast/abcabc/Aang_Foundation/20251020_mem-histone/fish1_72hpf_roi5	3264
/clusterfs/vast/abcabc/Aang_Foundation/20251020_mem-histone/fish1_72hpf_roi6	3232
/clusterfs/vast/abcabc/Aang_Foundation/20251020_mem-histone/fish1_72hpf_roi7	3232
/clusterfs/vast/abcabc/Aang_Foundation/20251020_mem-histone/fish2_72hpf_roi1	3264
/clusterfs/vast/abcabc/Aang_Foundation/20251020_mem-histone/fish2_72hpf_roi2	3254
/clusterfs/vast/abcabc/Aang_Foundation/20251020_mem-histone/fish3_72hpf_roi1	3262
/clusterfs/vast/abcabc/Aang_Foundation/20251020_mem-histone/fish3_72hpf_roi2	3252
/clusterfs/vast/abcabc/Aang_Foundation/20251020_mem-histone/fish3_72hpf_roi3	3244
/clusterfs/vast/abcabc/Aang_Foundation/20251021_mem-mito/fish1_24hpf_roi1	736
/clusterfs/vast/abcabc/Aang_Foundation/20251021_mem-mito/fish1_24hpf_roi2	736
/clusterfs/vast/abcabc/Aang_Foundation/20251021_mem-mito/fish2_24hpf_roi1	736
/clusterfs/vast/abcabc/Aang_Foundation/20251021_mem-mito/fish2_24hpf_roi2	736
/clusterfs/vast/abcabc/Aang_Foundation/20251021_mem-mito/fish3_24hpf_roi1	736
/clusterfs/vast/abcabc/Aang_Foundation/20251021_mem-mito/fish3_24hpf_roi2	728
/clusterfs/vast/abcabc/Aang_Foundation/20251021_mem-mito/fish4_24hpf_roi1	736
/clusterfs/vast/abcabc/Aang_Foundation/20251021_mem-mito/fish5_24hpf_roi1	730
/clusterfs/vast/abcabc/Aang_Foundation/20251021_mem-mito/fish6_24hpf_roi1	736
/clusterfs/vast/abcabc/Aang_Foundation/20251021_mem-mito/fish6_24hpf_roi2	736
/clusterfs/vast/abcabc/Aang_Foundation/20251021_mem-mito_v2/fish1_24hpf_roi1	736
/clusterfs/vast/abcabc/Aang_Foundation/20251021_mem-mito_v2/fish2_24hpf_roi1	736
/clusterfs/vast/abcabc/Aang_Foundation/20251021_mem-mito_v2/fish2_24hpf_roi2	736
/clusterfs/vast/abcabc/Aang_Foundation/20251021_mem-mito_v2/fish4_24hpf_roi1	736
/clusterfs/vast/abcabc/Aang_Foundation/20251021_mem-mito_v2/fish4_24hpf_roi2	736
/clusterfs/vast/abcabc/Aang_Foundation/20251021_mem-mito_v2/fish4_24hpf_roi3	720
/clusterfs/vast/abcabc/Aang_Foundation/20251021_mem-mito_v2/fish4_24hpf_roi4	736
/clusterfs/vast/abcabc/Aang_Foundation/20251022_mem-mito/fish1_48hpf_roi1	736
/clusterfs/vast/abcabc/Aang_Foundation/20251022_mem-mito/fish3_48hpf_roi1	736
/clusterfs/vast/abcabc/Aang_Foundation/20251022_mem-mito/fish3_48hpf_roi2	736
/clusterfs/vast/abcabc/Aang_Foundation/20251022_mem-mito/fish4_48hpf_roi1	736
/clusterfs/vast/abcabc/Aang_Foundation/20251023_mem-mito/fish1_24hpf_roi1	730
/clusterfs/vast/abcabc/Aang_Foundation/20251023_mem-mito/fish1_24hpf_roi2	734
/clusterfs/vast/abcabc/Aang_Foundation/20251023_mem-mito/fish3_24hpf_roi1	728
/clusterfs/vast/abcabc/Aang_Foundation/20251027_mem-histone/fish1_120hpf_roi1	4882
/clusterfs/vast/abcabc/Aang_Foundation/20251027_mem-histone/fish1_120hpf_roi2	4896
/clusterfs/vast/abcabc/Aang_Foundation/20251027_mem-histone/fish3_120hpf_roi1	4896
/clusterfs/vast/abcabc/Aang_Foundation/20251027_mem-histone/fish3_120hpf_roi2	4896
/clusterfs/vast/abcabc/Aang_Foundation/20251027_mem-histone/fish3_120hpf_roi3	4896
/clusterfs/vast/abcabc/Aang_Foundation/20251027_mem-histone/fish3_120hpf_roi4	4868
/clusterfs/vast/abcabc/Aang_Foundation/20251027_mem-histone/fish3_120hpf_roi5	4884
/clusterfs/vast/abcabc/Aang_Foundation/20251027_mem-histone/fish3_120hpf_roi6	4866
/clusterfs/vast/abcabc/Aang_Foundation/20251027_mem-histone/fish3_120hpf_roi7	4878
/clusterfs/vast/abcabc/Aang_Foundation/20251028_mem-mito/fish1_24hpf_roi1	1201
/clusterfs/vast/abcabc/Aang_Foundation/20251028_mem-peroxi/fish1_24hpf_roi1	2117
/clusterfs/vast/abcabc/Aang_Foundation/20251028_mem-peroxi/fish4_24hpf_roi1	828
/clusterfs/vast/abcabc/Aang_Foundation/20251028_mem-peroxi/fish4_24hpf_roi2	828
/clusterfs/vast/abcabc/Aang_Foundation/20251028_mem-peroxi/fish5_24hpf_roi1	826
/clusterfs/vast/abcabc/Aang_Foundation/20251028_mem-peroxi/fish5_24hpf_roi2	828
/clusterfs/vast/abcabc/Aang_Foundation/20251028_mem-peroxi2/fish1_24hpf_roi1	816
/clusterfs/vast/abcabc/Aang_Foundation/20251028_mem-peroxi2/fish2_24hpf_roi1	828
/clusterfs/vast/abcabc/Aang_Foundation/20251028_mem-peroxi2/fish4_24hpf_roi1	828
/clusterfs/vast/abcabc/Aang_Foundation/20251028_mem-peroxi2/fish5_24hpf_roi1	1104
/clusterfs/vast/abcabc/Aang_Foundation/20251028_mem-peroxi2/fish6_24hpf_roi1	1104
/clusterfs/vast/abcabc/Aang_Foundation/20251029_peroxi/fish1_roi1	2
/clusterfs/vast/abcabc/Aang_Foundation/20251105_mem-mito/fish1_24hpf_roi1	789
/clusterfs/vast/abcabc/Aang_Foundation/20251105_mem-mito/fish2_24hpf_roi1	552
/clusterfs/vast/abcabc/Aang_Foundation/20251105_mem-mito/fish2_24hpf_roi2	484
/clusterfs/vast/abcabc/Aang_Foundation/20251105_mem-mito/fish3_24hpf_roi1	390
/clusterfs/vast/abcabc/Aang_Foundation/20251105_mem-mito/fish3_24hpf_roi2	342
/clusterfs/vast/abcabc/Aang_Foundation/20251105_mem-mito/fish4_24hpf_roi1	332
/clusterfs/vast/abcabc/Aang_Foundation/20251105_mem-mito/fish4_24hpf_roi2	334
/clusterfs/vast/abcabc/Aang_Foundation/20251105_mem-mito/fish5_24hpf_roi1	342
/clusterfs/vast/abcabc/Aang_Foundation/20251105_mem-mito/fish5_24hpf_roi2	344
/clusterfs/vast/abcabc/Aang_Foundation/20251106_mem-mito/fish1_48hpf_roi1	330
/clusterfs/vast/abcabc/Aang_Foundation/20251106_mem-mito/fish1_48hpf_roi2	670
/clusterfs/vast/abcabc/Aang_Foundation/20251106_mem-mito/fish1_48hpf_roi3	80
/clusterfs/vast/abcabc/Aang_Foundation/20251106_mem-mito/fish2_48hpf_roi1	334
/clusterfs/vast/abcabc/Aang_Foundation/20251106_mem-mito/fish2_48hpf_roi2	322
/clusterfs/vast/abcabc/Aang_Foundation/20251106_mem-mito/fish2_48hpf_roi3	328
/clusterfs/vast/abcabc/Aang_Foundation/20251106_mem-mito/fish2_48hpf_roi4	332
/clusterfs/vast/abcabc/Aang_Foundation/20251106_mem-mito/fish3_48hpf_roi1	342
/clusterfs/vast/abcabc/Aang_Foundation/20251106_mem-mito/fish3_48hpf_roi2	344
/clusterfs/vast/abcabc/Aang_Foundation/20251106_mem-mito/fish3_48hpf_roi3	352
/clusterfs/vast/abcabc/Aang_Foundation/20251106_mem-mito/fish4_48hpf_roi1	322
/clusterfs/vast/abcabc/Aang_Foundation/20251106_mem-mito/fish4_48hpf_roi2	322
/clusterfs/vast/abcabc/Aang_Foundation/20251106_mem-mito/fish4_48hpf_roi3	322
/clusterfs/vast/abcabc/Aang_Foundation/20251106_mem-mito/fish4_48hpf_roi4	324
/clusterfs/vast/abcabc/Aang_Foundation/20251106_mem-mito/fish5_48hpf_roi1	328
/clusterfs/vast/abcabc/Aang_Foundation/20251106_mem-mito/fish5_48hpf_roi2	332
/clusterfs/vast/abcabc/Aang_Foundation/20251106_mem-mito/fish5_48hpf_roi3	328
/clusterfs/vast/abcabc/Aang_Foundation/20251107_mem-kinectocore/fish1_72hpf_roi1	504
/clusterfs/vast/abcabc/Aang_Foundation/20251107_mem-mito/fish1_24hpf_roi1	172
/clusterfs/vast/abcabc/Aang_Foundation/20251107_mem-mito/fish1_24hpf_roi1-2	480
/clusterfs/vast/abcabc/Aang_Foundation/20251107_mem-mito/fish1_24hpf_roi2	480
/clusterfs/vast/abcabc/Aang_Foundation/20251107_mem-mito/fish1_24hpf_roi3	195
/clusterfs/vast/abcabc/Aang_Foundation/20251107_mem-mito/fish2_24hpf_roi1	24
/clusterfs/vast/abcabc/Aang_Foundation/20251107_mem-mito/fish2_24hpf_roi3	480
/clusterfs/vast/abcabc/Aang_Foundation/20251107_mem-mito/fish3_24hpf_roi1	480
/clusterfs/vast/abcabc/Aang_Foundation/20251107_mem-mito/fish3_24hpf_roi2	480
/clusterfs/vast/abcabc/Aang_Foundation/20251107_mem-mito/fish4_24hpf_roi1	480
/clusterfs/vast/abcabc/Aang_Foundation/20251107_mem-mito/fish4_24hpf_roi2	480
/clusterfs/vast/abcabc/Aang_Foundation/20251107_mem-mito/fish5_24hpf_roi1	480
/clusterfs/vast/abcabc/Aang_Foundation/20251107_mem-mito/fish5_24hpf_roi2	480
/clusterfs/vast/abcabc/Aang_Foundation/20251107_mem-mito/fish6_24hpf_roi1	480
/clusterfs/vast/abcabc/Aang_Foundation/20251107_mem-mito/fish6_24hpf_roi2	480
/clusterfs/vast/abcabc/Aang_Foundation/20251124_mem-histone/fish2_72hpf_roi1	15678
/clusterfs/vast/abcabc/Aang_Foundation/20251125_mem-histone/fish1_96hpf_roi1	8704
/clusterfs/vast/abcabc/Aang_Foundation/20251125_mem-histone/fish1_96hpf_roi2	6486
/clusterfs/vast/abcabc/Aang_Foundation/20251126_mem-histone/fish1_120hpf_roi1	7492
/clusterfs/vast/abcabc/Aang_Foundation/20251126_mem-histone/fish2_120hpf_roi1	6656
/clusterfs/vast/abcabc/Aang_Foundation/20251126_mem-histone/fish2_120hpf_roi2	6656
/clusterfs/vast/abcabc/Aang_Foundation/20251128_mem-histone/fish2_48hpf_roi1	16320
/clusterfs/vast/abcabc/Aang_Foundation/20251128_mem-histone/fish3_48hpf_roi1	6122
/clusterfs/vast/abcabc/Aang_Foundation/20251202_mem-cytosolic/fish1_24hpf_roi1	1540
/clusterfs/vast/abcabc/Aang_Foundation/20251202_mem-cytosolic/fish2_24hpf_roi1	3588
/clusterfs/vast/abcabc/Aang_Foundation/20251202_mem-cytosolic/fish3_24hpf_roi1	4992
/clusterfs/vast/abcabc/Aang_Foundation/20251202_mem-cytosolic/fish4_24hpf_roi1	3456
/clusterfs/vast/abcabc/Aang_Foundation/20251202_mem-cytosolic/fish5_24hpf_roi1	3456
/clusterfs/vast/abcabc/Aang_Foundation/20251203_mem-cytosolic/fish1_48hpf_roi1	6660
/clusterfs/vast/abcabc/Aang_Foundation/20251203_mem-cytosolic/fish2_48hpf_roi1	6728
/clusterfs/vast/abcabc/Aang_Foundation/20251203_mem-cytosolic/fish3_48hpf_roi1	8000
/clusterfs/vast/abcabc/Aang_Foundation/20251203_mem-cytosolic/fish4_48hpf_roi1	6720
/clusterfs/vast/abcabc/Aang_Foundation/20251204_cdk_sensor_red_mem_red_nuc/fish1_24hpf_roi1	7064
/clusterfs/vast/abcabc/Aang_Foundation/20251204_cdk_sensor_red_mem_red_nuc/fish3_24hpf_roi1	6264
/clusterfs/vast/abcabc/Aang_Foundation/20251204_cdk_sensor_red_mem_red_nuc/fish6_24hpf_roi1	6264
/clusterfs/vast/abcabc/Aang_Foundation/20251205_mem-histone/fish1_96hpf_roi1	6264
/clusterfs/vast/abcabc/Aang_Foundation/20251205_mem-histone/fish1_96hpf_roi2	6264
/clusterfs/vast/abcabc/Aang_Foundation/20251205_mem-histone/fish1_96hpf_roi3	6264
/clusterfs/vast/abcabc/Aang_Foundation/20251205_mem-histone/fish1_96hpf_roi4	6264
/clusterfs/vast/abcabc/Aang_Foundation/20251205_mem-histone/fish2_96hpf_roi1	6264
/clusterfs/vast/abcabc/Aang_Foundation/20251205_mem-histone/fish2_96hpf_roi2	6264
/clusterfs/vast/abcabc/Aang_Foundation/20251205_mem-histone/fish2_96hpf_roi3	6264
/clusterfs/vast/abcabc/Aang_Foundation/20251205_mem-histone/fish2_96hpf_roi4	6264
/clusterfs/vast/abcabc/Aang_Foundation/20251208_mem/fish1_24hpf_roi1	1737
/clusterfs/vast/abcabc/Aang_Foundation/20251208_mem/fish1_24hpf_roi2	2367
/clusterfs/vast/abcabc/Aang_Foundation/20251208_mem/fish2_24hpf_roi1	2085
/clusterfs/vast/abcabc/Aang_Foundation/20251208_mem/fish3_24hpf_roi1	2085
/clusterfs/vast/abcabc/Aang_Foundation/20251208_mem/fish4_24hpf_roi1	1918
/clusterfs/vast/abcabc/Aang_Foundation/20251209_mem-histone/fish2_24hpf_roi1	606
/clusterfs/vast/abcabc/Aang_Foundation/20251209_mem-histone/fish2_24hpf_roi1CAM2	63
/clusterfs/vast/abcabc/Aang_Foundation/20251209_mem-histone/fish3_24hpf_roi1	5546
/clusterfs/vast/abcabc/Aang_Foundation/20251209_mem-histone/fish3_24hpf_roi1CAM2	26
/clusterfs/vast/abcabc/Aang_Foundation/20251209_mem-histone/fish4_24hpf_roi1	23057
/clusterfs/vast/abcabc/Aang_Foundation/20251209_mem-histone/fish4_24hpf_roi1CAM2	63
/clusterfs/vast/abcabc/Aang_Foundation/20251210_mem-histone/fish1_48hpf_roi1	6879
/clusterfs/vast/abcabc/Aang_Foundation/20251210_mem-histone/fish1_48hpf_roi1CAM2	26
/clusterfs/vast/abcabc/Aang_Foundation/20251210_mem-histone/fish4_48hpf_roi1	11152
/clusterfs/vast/abcabc/Aang_Foundation/20251210_mem-histone/fish4_48hpf_roi1-2	598
/clusterfs/vast/abcabc/Aang_Foundation/20251210_mem-histone/fish4_48hpf_roi1-2CAM2	34
/clusterfs/vast/abcabc/Aang_Foundation/20251210_mem-histone/fish4_48hpf_roi1CAM2	34
/clusterfs/vast/abcabc/Aang_Foundation/20251211_mem-histone/fish1_72hpf_roi1	5460
/clusterfs/vast/abcabc/Aang_Foundation/20251211_mem-histone/fish1_72hpf_roi1CAM2	72
/clusterfs/vast/abcabc/Aang_Foundation/20251211_mem-histone/fish3_72hpf_roi1	20070
/clusterfs/vast/abcabc/Aang_Foundation/20251211_mem-histone/fish3_72hpf_roi1CAM2	38
/clusterfs/vast/abcabc/Aang_Foundation/20251212_mem-histone/fish2_96hpf_roi1	994
/clusterfs/vast/abcabc/Aang_Foundation/20251212_mem-histone/fish2_96hpf_roi1CAM2	99
/clusterfs/vast/abcabc/Aang_Foundation/20251212_mem-histone/fish3_96hpf_roi1	22588
/clusterfs/vast/abcabc/Aang_Foundation/20251212_mem-histone/fish3_96hpf_roi1CAM2	504
/clusterfs/vast/abcabc/Aang_Foundation/20251216_mem-histone/fish1_24hpf_roi1	4592
/clusterfs/vast/abcabc/Aang_Foundation/20251216_mem-histone/fish1_24hpf_roi1CAM2	14
/clusterfs/vast/abcabc/Aang_Foundation/20251216_mem-histone/fish2_24hpf_roi1	2992
/clusterfs/vast/abcabc/Aang_Foundation/20251216_mem-histone/fish2_24hpf_roi1CAM2	14
/clusterfs/vast/abcabc/Aang_Foundation/20251216_mem-histone/fish3_24hpf_roi1	5872
/clusterfs/vast/abcabc/Aang_Foundation/20251216_mem-histone/fish3_24hpf_roi1CAM2	14
/clusterfs/vast/abcabc/Aang_Foundation/20251216_mem-histone/fish4_24hpf_roi1	2708
/clusterfs/vast/abcabc/Aang_Foundation/20251216_mem-histone/fish4_24hpf_roi1-2	2696
/clusterfs/vast/abcabc/Aang_Foundation/20251216_mem-histone/fish4_24hpf_roi1-2CAM2	14
/clusterfs/vast/abcabc/Aang_Foundation/20251216_mem-histone/fish4_24hpf_roi1CAM2	28
/clusterfs/vast/abcabc/Aang_Foundation/20251217_mem-histone/fish1_48hpf_roi1	4468
/clusterfs/vast/abcabc/Aang_Foundation/20251217_mem-histone/fish1_48hpf_roi1CAM2	42
/clusterfs/vast/abcabc/Aang_Foundation/20251217_mem-histone/fish2_48hpf_roi1	10888
/clusterfs/vast/abcabc/Aang_Foundation/20251217_mem-histone/fish2_48hpf_roi1CAM2	126
/clusterfs/vast/abcabc/Aang_Foundation/20251217_mem-histone/fish3_48hpf_roi1	4292
/clusterfs/vast/abcabc/Aang_Foundation/20251217_mem-histone/fish3_48hpf_roi1CAM2	42
/clusterfs/vast/abcabc/Aang_Foundation/20251217_mem-histone/fish4_48hpf_roi1	29868
/clusterfs/vast/abcabc/Aang_Foundation/20251217_mem-histone/fish4_48hpf_roi1CAM2	630
/clusterfs/vast/abcabc/Aang_Foundation/20251218_mem-histone/fish1_96hpf_roi1	21120
/clusterfs/vast/abcabc/Aang_Foundation/20251218_mem-histone/fish1_96hpf_roi1CAM2	80
/clusterfs/vast/abcabc/Aang_Foundation/20251218_mem-histone/fish3_96hpf_roi5	502
/clusterfs/vast/abcabc/Aang_Foundation/20251218_mem-histone/fish3_96hpf_roi5CAM2	50
/clusterfs/vast/abcabc/Aang_Foundation/20251218_mem-histone/fish3_96hpf_roi6	5820
/clusterfs/vast/abcabc/Aang_Foundation/20251218_mem-histone/fish3_96hpf_roi6CAM2	10
/clusterfs/vast/abcabc/Aang_Foundation/20251222_mem-histone/fish1_72hpf_roi1	7888
/clusterfs/vast/abcabc/Aang_Foundation/20251222_mem-histone/fish1_72hpf_roi1CAM2	36
/clusterfs/vast/abcabc/Aang_Foundation/20251222_mem-histone/fish1_72hpf_roi2	5976
/clusterfs/vast/abcabc/Aang_Foundation/20251222_mem-histone/fish1_72hpf_roi2CAM2	36
/clusterfs/vast/abcabc/Korra_Foundation/20250428_mem_histone/fish1_72hpf/roi1_tail	3677
/clusterfs/vast/abcabc/Korra_Foundation/20250428_mem_histone/fish1_72hpf/roi2_hindbrain_spine	13413
/clusterfs/vast/abcabc/Korra_Foundation/20250429_mem_cytosol/fish1_24hpf/roi1	10311
/clusterfs/vast/abcabc/Korra_Foundation/20250429_mem_cytosol/fish1_24hpf/roi1_test	517
/clusterfs/vast/abcabc/Korra_Foundation/20250429_mem_cytosol/fish2_48hpf/roi1	3579
/clusterfs/vast/abcabc/Korra_Foundation/20250429_mem_cytosol/fish3_mem-halo_24hpf/roi1	117
/clusterfs/vast/abcabc/Korra_Foundation/20250429_mem_cytosol/fish3_mem-halo_24hpf/roi2	7806
/clusterfs/vast/abcabc/Korra_Foundation/20250429_mem_cytosol/fish4_mem-halo_48hpf/roi1	5180
/clusterfs/vast/abcabc/Korra_Foundation/20250429_mem_cytosol/fish4_mem-halo_48hpf/roi2	5583
/clusterfs/vast/abcabc/Korra_Foundation/20250429_mem_cytosol/fish4_mem-halo_48hpf/roi3	7457
/clusterfs/vast/abcabc/Korra_Foundation/20250513_skittles/fish1/roi1	229
/clusterfs/vast/abcabc/Korra_Foundation/20250513_skittles/fish1/roi2	186
/clusterfs/vast/abcabc/Korra_Foundation/20250513_skittles/fish1/roi2_2	126
/clusterfs/vast/abcabc/Korra_Foundation/20250513_skittles/fish10/roi1	288
/clusterfs/vast/abcabc/Korra_Foundation/20250513_skittles/fish11/roi1	288
/clusterfs/vast/abcabc/Korra_Foundation/20250513_skittles/fish11/roi1_test	96
/clusterfs/vast/abcabc/Korra_Foundation/20250513_skittles/fish12/roi1	72
/clusterfs/vast/abcabc/Korra_Foundation/20250513_skittles/fish12/roi2	72
/clusterfs/vast/abcabc/Korra_Foundation/20250513_skittles/fish12/roi3	90
/clusterfs/vast/abcabc/Korra_Foundation/20250513_skittles/fish13/roi1	72
/clusterfs/vast/abcabc/Korra_Foundation/20250513_skittles/fish13/roi2	72
/clusterfs/vast/abcabc/Korra_Foundation/20250513_skittles/fish13/roi3	72
/clusterfs/vast/abcabc/Korra_Foundation/20250513_skittles/fish13/roi4	72
/clusterfs/vast/abcabc/Korra_Foundation/20250513_skittles/fish14/roi1_brain	110
/clusterfs/vast/abcabc/Korra_Foundation/20250513_skittles/fish14/roi2_tailbud	90
/clusterfs/vast/abcabc/Korra_Foundation/20250513_skittles/fish15/roi1	195
/clusterfs/vast/abcabc/Korra_Foundation/20250513_skittles/fish15/roi2	144
/clusterfs/vast/abcabc/Korra_Foundation/20250513_skittles/fish15/roi3	144
/clusterfs/vast/abcabc/Korra_Foundation/20250513_skittles/fish15/roi4	144
/clusterfs/vast/abcabc/Korra_Foundation/20250513_skittles/fish16/roi1_brain	90
/clusterfs/vast/abcabc/Korra_Foundation/20250513_skittles/fish2/roi1	95
/clusterfs/vast/abcabc/Korra_Foundation/20250513_skittles/fish2/roi2	82
/clusterfs/vast/abcabc/Korra_Foundation/20250513_skittles/fish3/roi1	144
/clusterfs/vast/abcabc/Korra_Foundation/20250513_skittles/fish3/roi2	174
/clusterfs/vast/abcabc/Korra_Foundation/20250513_skittles/fish3/roi3	174
/clusterfs/vast/abcabc/Korra_Foundation/20250513_skittles/fish3/roi4	174
/clusterfs/vast/abcabc/Korra_Foundation/20250513_skittles/fish4/roi1	128
/clusterfs/vast/abcabc/Korra_Foundation/20250513_skittles/fish4/roi2	180
/clusterfs/vast/abcabc/Korra_Foundation/20250513_skittles/fish4/roi3	126
/clusterfs/vast/abcabc/Korra_Foundation/20250513_skittles/fish5/roi1	345
/clusterfs/vast/abcabc/Korra_Foundation/20250513_skittles/fish5/roi2	126
/clusterfs/vast/abcabc/Korra_Foundation/20250513_skittles/fish5/roi3	126
/clusterfs/vast/abcabc/Korra_Foundation/20250513_skittles/fish5/roi4	126
/clusterfs/vast/abcabc/Korra_Foundation/20250513_skittles/fish5/roi5	126
/clusterfs/vast/abcabc/Korra_Foundation/20250513_skittles/fish5/roi6	126
/clusterfs/vast/abcabc/Korra_Foundation/20250513_skittles/fish5/roi7	126
/clusterfs/vast/abcabc/Korra_Foundation/20250513_skittles/fish6/roi1	198
/clusterfs/vast/abcabc/Korra_Foundation/20250513_skittles/fish6/roi2	126
/clusterfs/vast/abcabc/Korra_Foundation/20250513_skittles/fish6/roi3	126
/clusterfs/vast/abcabc/Korra_Foundation/20250513_skittles/fish6/roi4	126
/clusterfs/vast/abcabc/Korra_Foundation/20250513_skittles/fish7/roi1_ear_brain	180
/clusterfs/vast/abcabc/Korra_Foundation/20250513_skittles/fish7/roi2_brain	126
/clusterfs/vast/abcabc/Korra_Foundation/20250513_skittles/fish8/roi1	72
/clusterfs/vast/abcabc/Korra_Foundation/20250513_skittles/fish9/roi1	237
/clusterfs/vast/abcabc/Korra_Foundation/20250520_mem_histone/fish2/roi1	3636
/clusterfs/vast/abcabc/Korra_Foundation/20250520_mem_histone/fish4/roi1_tailbud	666
/clusterfs/vast/abcabc/Korra_Foundation/20250520_mem_histone/fish4/roi1_tailbud_2	1915
/clusterfs/vast/abcabc/Korra_Foundation/20250520_mem_histone/fish5/roi1_tailbud	5256
/clusterfs/vast/abcabc/Korra_Foundation/20250521_skittles_no-membrane/fish1	75
/clusterfs/vast/abcabc/Korra_Foundation/20250521_skittles_no-membrane/fish2/roi1	180
/clusterfs/vast/abcabc/Korra_Foundation/20250521_skittles_no-membrane/fish2/roi2	60
/clusterfs/vast/abcabc/Korra_Foundation/20250521_skittles_no-membrane/fish3/roi1	75
/clusterfs/vast/abcabc/Korra_Foundation/20250521_skittles_no-membrane/fish4/roi1	90
/clusterfs/vast/abcabc/Korra_Foundation/20250521_skittles_no-membrane/fish4/roi2	90
/clusterfs/vast/abcabc/Korra_Foundation/20250522_skittlez/fish1/roi1	138
/clusterfs/vast/abcabc/Korra_Foundation/20250522_skittlez/fish1/roi2	138
/clusterfs/vast/abcabc/Korra_Foundation/20250522_skittlez/fish2/roi1	138
/clusterfs/vast/abcabc/Korra_Foundation/20250522_skittlez/fish2/roi2	138
/clusterfs/vast/abcabc/Korra_Foundation/20250522_skittlez/fish3/roi1	138
/clusterfs/vast/abcabc/Korra_Foundation/20250522_skittlez/fish3/roi2	138
/clusterfs/vast/abcabc/Korra_Foundation/20250522_skittlez/fish3/roi3	138
/clusterfs/vast/abcabc/Korra_Foundation/20250522_skittlez/fish4/roi1	102
/clusterfs/vast/abcabc/Korra_Foundation/20250522_skittlez/fish4/roi2	102
/clusterfs/vast/abcabc/Korra_Foundation/20250522_skittlez/fish5/roi1	179
/clusterfs/vast/abcabc/Korra_Foundation/20250522_skittlez/fish6/roi1	156
/clusterfs/vast/abcabc/Korra_Foundation/20250522_skittlez/fish6/roi2	156
/clusterfs/vast/abcabc/Korra_Foundation/20250522_skittlez/fish7/roi1	156
/clusterfs/vast/abcabc/Korra_Foundation/20250522_skittlez/fish7/roi2	156
/clusterfs/vast/abcabc/Korra_Foundation/20250522_skittlez/fish7/roi3	156
/clusterfs/vast/abcabc/Korra_Foundation/20250522_skittlez/fish8/roi1	156
/clusterfs/vast/abcabc/Korra_Foundation/20250522_skittlez/fish8/roi2	156
/clusterfs/vast/abcabc/Korra_Foundation/20250522_skittlez/fish8/roi3	156
/clusterfs/vast/abcabc/Korra_Foundation/20250522_skittlez/fish9/roi1	198
/clusterfs/vast/abcabc/Korra_Foundation/20250523_mem_histone/fish1/roi1	7160
/clusterfs/vast/abcabc/Korra_Foundation/20250523_mem_histone/fish2/roi1	14281
/clusterfs/vast/abcabc/Korra_Foundation/20250523_mem_histone/fish3/roi1	7160
/clusterfs/vast/abcabc/Korra_Foundation/20250523_mem_histone/fish4/roi1	7160
/clusterfs/vast/abcabc/Korra_Foundation/20250523_mem_histone/fish5/roi1	12066
/clusterfs/vast/abcabc/Korra_Foundation/20250523_mem_histone/fish6_test	44
/clusterfs/vast/abcabc/Korra_Foundation/20250528_mem-histone/fish1/roi1_spine	3513
/clusterfs/vast/abcabc/Korra_Foundation/20250528_mem-histone/fish2/roi1_brain	2030
/clusterfs/vast/abcabc/Korra_Foundation/20250528_mem-histone/fish3/roi2_spine	8724
/clusterfs/vast/abcabc/Korra_Foundation/20250528_skittlez/fish1/roi1	62
/clusterfs/vast/abcabc/Korra_Foundation/20250528_skittlez/fish1/roi2	56
/clusterfs/vast/abcabc/Korra_Foundation/20250529_skittlez/fish10_roi1	176
/clusterfs/vast/abcabc/Korra_Foundation/20250529_skittlez/fish11_roi1_eye	88
/clusterfs/vast/abcabc/Korra_Foundation/20250529_skittlez/fish11_roi1_eye_2	176
/clusterfs/vast/abcabc/Korra_Foundation/20250529_skittlez/fish12_roi1	176
/clusterfs/vast/abcabc/Korra_Foundation/20250529_skittlez/fish13_roi1	176
/clusterfs/vast/abcabc/Korra_Foundation/20250529_skittlez/fish14_roi1	176
/clusterfs/vast/abcabc/Korra_Foundation/20250529_skittlez/fish14_roi2	176
/clusterfs/vast/abcabc/Korra_Foundation/20250529_skittlez/fish14_roi3	158
/clusterfs/vast/abcabc/Korra_Foundation/20250529_skittlez/fish15_roi1	244
/clusterfs/vast/abcabc/Korra_Foundation/20250529_skittlez/fish1_roi1	176
/clusterfs/vast/abcabc/Korra_Foundation/20250529_skittlez/fish1_roi2	176
/clusterfs/vast/abcabc/Korra_Foundation/20250529_skittlez/fish1_roi3	128
/clusterfs/vast/abcabc/Korra_Foundation/20250529_skittlez/fish2_roi1	180
/clusterfs/vast/abcabc/Korra_Foundation/20250529_skittlez/fish2_roi2	180
/clusterfs/vast/abcabc/Korra_Foundation/20250529_skittlez/fish4_roi1	180
/clusterfs/vast/abcabc/Korra_Foundation/20250529_skittlez/fish5_roi1	210
/clusterfs/vast/abcabc/Korra_Foundation/20250529_skittlez/fish5_roi2	210
/clusterfs/vast/abcabc/Korra_Foundation/20250529_skittlez/fish6_roi1	210
/clusterfs/vast/abcabc/Korra_Foundation/20250529_skittlez/fish7_roi1	124
/clusterfs/vast/abcabc/Korra_Foundation/20250529_skittlez/fish8_roi1	158
/clusterfs/vast/abcabc/Korra_Foundation/20250529_skittlez/fish9_roi1	158
/clusterfs/vast/abcabc/Korra_Foundation/20250529_skittlez/fish9_roi2	176
/clusterfs/vast/abcabc/Korra_Foundation/20250530_mem-histone/fish1_roi1	4688
/clusterfs/vast/abcabc/Korra_Foundation/20250530_mem-histone/fish1_roi1-2	19670
/clusterfs/vast/abcabc/Korra_Foundation/20250530_mem-histone/fish2_roi1	10919
/clusterfs/vast/abcabc/Korra_Foundation/20250602_mem/fish2_roi1	25740
/clusterfs/vast/abcabc/Korra_Foundation/20250603_skittlez/fish10_roi1	214
/clusterfs/vast/abcabc/Korra_Foundation/20250603_skittlez/fish11_roi1	146
/clusterfs/vast/abcabc/Korra_Foundation/20250603_skittlez/fish12_roi1	282
/clusterfs/vast/abcabc/Korra_Foundation/20250603_skittlez/fish13_roi1	146
/clusterfs/vast/abcabc/Korra_Foundation/20250603_skittlez/fish14_roi1	350
/clusterfs/vast/abcabc/Korra_Foundation/20250603_skittlez/fish15_roi1	248
/clusterfs/vast/abcabc/Korra_Foundation/20250603_skittlez/fish16_roi1	180
/clusterfs/vast/abcabc/Korra_Foundation/20250603_skittlez/fish1_roi1_1	122
/clusterfs/vast/abcabc/Korra_Foundation/20250603_skittlez/fish2_roi1	38
/clusterfs/vast/abcabc/Korra_Foundation/20250603_skittlez/fish2_roi1_1	122
/clusterfs/vast/abcabc/Korra_Foundation/20250603_skittlez/fish3_roi1	150
/clusterfs/vast/abcabc/Korra_Foundation/20250603_skittlez/fish4_roi1	206
/clusterfs/vast/abcabc/Korra_Foundation/20250603_skittlez/fish6_roi1	274
/clusterfs/vast/abcabc/Korra_Foundation/20250603_skittlez/fish7_roi1	178
/clusterfs/vast/abcabc/Korra_Foundation/20250603_skittlez/fish8_roi1	122
/clusterfs/vast/abcabc/Korra_Foundation/20250603_skittlez/fish9_roi1	188
/clusterfs/vast/abcabc/Korra_Foundation/20250603_skittlez/fish9_roi2	98
/clusterfs/vast/abcabc/Korra_Foundation/20250603_skittlez/fish9_roi3	98
/clusterfs/vast/abcabc/Korra_Foundation/20250605_skittlez/fish10_roi1	122
/clusterfs/vast/abcabc/Korra_Foundation/20250605_skittlez/fish10_roi2	122
/clusterfs/vast/abcabc/Korra_Foundation/20250605_skittlez/fish11_roi1	146
/clusterfs/vast/abcabc/Korra_Foundation/20250605_skittlez/fish11_roi2	180
/clusterfs/vast/abcabc/Korra_Foundation/20250605_skittlez/fish12_roi1	146
/clusterfs/vast/abcabc/Korra_Foundation/20250605_skittlez/fish13_roi1	146
/clusterfs/vast/abcabc/Korra_Foundation/20250605_skittlez/fish13_roi2	146
/clusterfs/vast/abcabc/Korra_Foundation/20250605_skittlez/fish14_roi1	146
/clusterfs/vast/abcabc/Korra_Foundation/20250605_skittlez/fish1_roi1	150
/clusterfs/vast/abcabc/Korra_Foundation/20250605_skittlez/fish2_roi1	122
/clusterfs/vast/abcabc/Korra_Foundation/20250605_skittlez/fish2_roi12	122
/clusterfs/vast/abcabc/Korra_Foundation/20250605_skittlez/fish3_roi12	122
/clusterfs/vast/abcabc/Korra_Foundation/20250605_skittlez/fish3_roi2	122
/clusterfs/vast/abcabc/Korra_Foundation/20250605_skittlez/fish4_roi1	122
/clusterfs/vast/abcabc/Korra_Foundation/20250605_skittlez/fish5_roi1	94
/clusterfs/vast/abcabc/Korra_Foundation/20250605_skittlez/fish5_roi2	94
/clusterfs/vast/abcabc/Korra_Foundation/20250605_skittlez/fish6_roi1	122
/clusterfs/vast/abcabc/Korra_Foundation/20250605_skittlez/fish7_roi1	122
/clusterfs/vast/abcabc/Korra_Foundation/20250605_skittlez/fish8_roi1	94
/clusterfs/vast/abcabc/Korra_Foundation/20250605_skittlez/fish9_roi1	122
/clusterfs/vast/abcabc/Korra_Foundation/20250605_skittlez/fish9_roi2	122
/clusterfs/vast/abcabc/Korra_Foundation/20250606_skittlez/fish10_roi1	134
/clusterfs/vast/abcabc/Korra_Foundation/20250606_skittlez/fish11_roi1	134
/clusterfs/vast/abcabc/Korra_Foundation/20250606_skittlez/fish11_roi2	134
/clusterfs/vast/abcabc/Korra_Foundation/20250606_skittlez/fish12_roi1	134
/clusterfs/vast/abcabc/Korra_Foundation/20250606_skittlez/fish12_roi2	134
/clusterfs/vast/abcabc/Korra_Foundation/20250606_skittlez/fish13_roi1	134
/clusterfs/vast/abcabc/Korra_Foundation/20250606_skittlez/fish13_roi2	134
/clusterfs/vast/abcabc/Korra_Foundation/20250606_skittlez/fish14_roi1	134
/clusterfs/vast/abcabc/Korra_Foundation/20250606_skittlez/fish14_roi2	134
/clusterfs/vast/abcabc/Korra_Foundation/20250606_skittlez/fish14_roi3	134
/clusterfs/vast/abcabc/Korra_Foundation/20250606_skittlez/fish15_roi1	134
/clusterfs/vast/abcabc/Korra_Foundation/20250606_skittlez/fish15_roi2	134
/clusterfs/vast/abcabc/Korra_Foundation/20250606_skittlez/fish15_roi3	134
/clusterfs/vast/abcabc/Korra_Foundation/20250606_skittlez/fish1_roi1	110
/clusterfs/vast/abcabc/Korra_Foundation/20250606_skittlez/fish2_roi1	110
/clusterfs/vast/abcabc/Korra_Foundation/20250606_skittlez/fish3_roi1	110
/clusterfs/vast/abcabc/Korra_Foundation/20250606_skittlez/fish4_roi1	110
/clusterfs/vast/abcabc/Korra_Foundation/20250606_skittlez/fish6_roi1	110
/clusterfs/vast/abcabc/Korra_Foundation/20250606_skittlez/fish7_roi1	110
/clusterfs/vast/abcabc/Korra_Foundation/20250606_skittlez/fish7_roi2	110
/clusterfs/vast/abcabc/Korra_Foundation/20250606_skittlez/fish8_roi1	110
/clusterfs/vast/abcabc/Korra_Foundation/20250606_skittlez/fish9_roi1	134
/clusterfs/vast/abcabc/Korra_Foundation/20250606_skittlez/fish9_roi2	134
/clusterfs/vast/abcabc/Korra_Foundation/20250609_mem-histone/fish11_72hpf_roi1	14860
/clusterfs/vast/abcabc/Korra_Foundation/20250609_mem-histone/fish2_24hpf_roi1	3807
/clusterfs/vast/abcabc/Korra_Foundation/20250609_mem-histone/fish2_24hpf_roi2	4432
/clusterfs/vast/abcabc/Korra_Foundation/20250609_mem-histone/fish3_24hpf_roi1	4912
/clusterfs/vast/abcabc/Korra_Foundation/20250609_mem-histone/fish4_24hpf_roi1	3472
/clusterfs/vast/abcabc/Korra_Foundation/20250609_mem-histone/fish5_24hpf_roi1	3472
/clusterfs/vast/abcabc/Korra_Foundation/20250609_mem-histone/fish5_48hpf_roi2	3320
/clusterfs/vast/abcabc/Korra_Foundation/20250609_mem-histone/fish6_48hpf_roi1	2840
/clusterfs/vast/abcabc/Korra_Foundation/20250609_mem-histone/fish6_48hpf_roi2	2360
/clusterfs/vast/abcabc/Korra_Foundation/20250612_skittlez/fish1_roi1	392
/clusterfs/vast/abcabc/Korra_Foundation/20250612_skittlez/fish2_roi1	152
/clusterfs/vast/abcabc/Korra_Foundation/20250612_skittlez/fish3_roi1	192
/clusterfs/vast/abcabc/Korra_Foundation/20250612_skittlez/fish4_roi1	352
/clusterfs/vast/abcabc/Korra_Foundation/20250612_skittlez/fish5_roi1	152
/clusterfs/vast/abcabc/Korra_Foundation/20250612_skittlez/fish5_roi2	152
/clusterfs/vast/abcabc/Korra_Foundation/20250612_skittlez/fish5_roi3	152
/clusterfs/vast/abcabc/Korra_Foundation/20250612_skittlez/fish6_roi1	152
/clusterfs/vast/abcabc/Korra_Foundation/20250612_skittlez/fish7_roi1	112
/clusterfs/vast/abcabc/Korra_Foundation/20250612_skittlez/fish8_roi1	232
/clusterfs/vast/abcabc/Korra_Foundation/20250613_skittlez/fish10_roi1	152
/clusterfs/vast/abcabc/Korra_Foundation/20250613_skittlez/fish11_roi1	232
/clusterfs/vast/abcabc/Korra_Foundation/20250613_skittlez/fish12_roi1	192
/clusterfs/vast/abcabc/Korra_Foundation/20250613_skittlez/fish1_roi1	219
/clusterfs/vast/abcabc/Korra_Foundation/20250613_skittlez/fish2_roi1	160
/clusterfs/vast/abcabc/Korra_Foundation/20250613_skittlez/fish3_roi1	104
/clusterfs/vast/abcabc/Korra_Foundation/20250613_skittlez/fish4_roi1	104
/clusterfs/vast/abcabc/Korra_Foundation/20250613_skittlez/fish5_roi1	132
/clusterfs/vast/abcabc/Korra_Foundation/20250613_skittlez/fish6_roi1	121
/clusterfs/vast/abcabc/Korra_Foundation/20250613_skittlez/fish7_roi	160
/clusterfs/vast/abcabc/Korra_Foundation/20250613_skittlez/fish8_roi1	152
/clusterfs/vast/abcabc/Korra_Foundation/20250613_skittlez/fish9_roi1	312
/clusterfs/vast/abcabc/Korra_Foundation/20250616_mem-histone/fish1_24hpf_roi1_brain	2902
/clusterfs/vast/abcabc/Korra_Foundation/20250616_mem-histone/fish1_72hpf_roi1-ear	1513
/clusterfs/vast/abcabc/Korra_Foundation/20250616_mem-histone/fish1_72hpf_roi2_muscle	11889
/clusterfs/vast/abcabc/Korra_Foundation/20250616_mem-histone/fish2_24hpf_roi1_brain	4336
/clusterfs/vast/abcabc/Korra_Foundation/20250616_mem-histone/fish3_24hpf_roi1_brain	4672
/clusterfs/vast/abcabc/Korra_Foundation/20250616_mem-histone/fish4_24hpf_roi1_brain	2480
/clusterfs/vast/abcabc/Korra_Foundation/20250618_skittlez/fish10_roi1	104
/clusterfs/vast/abcabc/Korra_Foundation/20250618_skittlez/fish10_roi2	104
/clusterfs/vast/abcabc/Korra_Foundation/20250618_skittlez/fish10_roi3	104
/clusterfs/vast/abcabc/Korra_Foundation/20250618_skittlez/fish10_roi4	104
/clusterfs/vast/abcabc/Korra_Foundation/20250618_skittlez/fish11_roi1	132
/clusterfs/vast/abcabc/Korra_Foundation/20250618_skittlez/fish1_roi1	56
/clusterfs/vast/abcabc/Korra_Foundation/20250618_skittlez/fish1_roi1_2	128
/clusterfs/vast/abcabc/Korra_Foundation/20250618_skittlez/fish2_roi1	162
/clusterfs/vast/abcabc/Korra_Foundation/20250618_skittlez/fish3_roi1	104
/clusterfs/vast/abcabc/Korra_Foundation/20250618_skittlez/fish4_roi1	104
/clusterfs/vast/abcabc/Korra_Foundation/20250618_skittlez/fish5_roi1	104
/clusterfs/vast/abcabc/Korra_Foundation/20250618_skittlez/fish6_roi1	76
/clusterfs/vast/abcabc/Korra_Foundation/20250618_skittlez/fish6_roi2	104
/clusterfs/vast/abcabc/Korra_Foundation/20250618_skittlez/fish7_roi1	104
/clusterfs/vast/abcabc/Korra_Foundation/20250618_skittlez/fish7_roi2	104
/clusterfs/vast/abcabc/Korra_Foundation/20250618_skittlez/fish7_roi3	80
/clusterfs/vast/abcabc/Korra_Foundation/20250618_skittlez/fish7_roi4	80
/clusterfs/vast/abcabc/Korra_Foundation/20250618_skittlez/fish8_roi1	80
/clusterfs/vast/abcabc/Korra_Foundation/20250618_skittlez/fish8_roi2	80
/clusterfs/vast/abcabc/Korra_Foundation/20250618_skittlez/fish8_roi3	80
/clusterfs/vast/abcabc/Korra_Foundation/20250618_skittlez/fish8_roi4	80
/clusterfs/vast/abcabc/Korra_Foundation/20250618_skittlez/fish9_roi1	80
/clusterfs/vast/abcabc/Korra_Foundation/20250618_skittlez/fish9_roi2	80
/clusterfs/vast/abcabc/Korra_Foundation/20250619_skittlez/fish1_roi1	104
/clusterfs/vast/abcabc/Korra_Foundation/20250619_skittlez/fish1_roi2	104
/clusterfs/vast/abcabc/Korra_Foundation/20250619_skittlez/fish2_roi1	104
/clusterfs/vast/abcabc/Korra_Foundation/20250619_skittlez/fish3_roi1	104
/clusterfs/vast/abcabc/Korra_Foundation/20250619_skittlez/fish3_roi2	104
/clusterfs/vast/abcabc/Korra_Foundation/20250619_skittlez/fish4_roi1	160
/clusterfs/vast/abcabc/Korra_Foundation/20250619_skittlez/fish5_roi1	104
/clusterfs/vast/abcabc/Korra_Foundation/20250619_skittlez/fish5_roi2	104
/clusterfs/vast/abcabc/Korra_Foundation/20250620_mitomSG/fish1_roi1	4018
/clusterfs/vast/abcabc/Korra_Foundation/20250624_skittlez_Chris_x_Liam/fish2_roi1	104
/clusterfs/vast/abcabc/Korra_Foundation/20250624_skittlez_Chris_x_Liam/fish3_roi1	104
/clusterfs/vast/abcabc/Korra_Foundation/20250624_skittlez_Chris_x_Liam/fish3_roi2	104
/clusterfs/vast/abcabc/Korra_Foundation/20250624_skittlez_Chris_x_Liam/fish3_roi3	104
/clusterfs/vast/abcabc/Korra_Foundation/20250624_skittlez_Chris_x_Liam/fish4_roi1	104
/clusterfs/vast/abcabc/Korra_Foundation/20250624_skittlez_Chris_x_Liam/fish4_roi2	104
/clusterfs/vast/abcabc/Korra_Foundation/20250624_skittlez_Chris_x_Liam/fish4_roi3	104
/clusterfs/vast/abcabc/Korra_Foundation/20250624_skittlez_Chris_x_Liam/fish4_roi4	104
/clusterfs/vast/abcabc/Korra_Foundation/20250624_skittlez_Chris_x_Liam/fish5_roi1	50
/clusterfs/vast/abcabc/Korra_Foundation/20250624_skittlez_Chris_x_Liam/fish5_roi1-1	80
/clusterfs/vast/abcabc/Korra_Foundation/20250624_skittlez_Chris_x_Liam/fish6_roi1	80
/clusterfs/vast/abcabc/Korra_Foundation/20250624_skittlez_Chris_x_Liam/fish6_roi2	80
/clusterfs/vast/abcabc/Korra_Foundation/20250624_skittlez_Chris_x_Liam/fish6_roi3	80
/clusterfs/vast/abcabc/Korra_Foundation/20250624_skittlez_Chris_x_Liam/fish7_roi1	80
/clusterfs/vast/abcabc/Korra_Foundation/20250624_skittlez_Chris_x_Liam/fish7_roi2	80
/clusterfs/vast/abcabc/Korra_Foundation/20250624_skittlez_Chris_x_Liam/fish7_roi3	80
/clusterfs/vast/abcabc/Korra_Foundation/20250624_skittlez_Chris_x_Liam/fish7_roi4	80
/clusterfs/vast/abcabc/Korra_Foundation/20250624_skittlez_Issac_x_Ken/fish1_roi1	76
/clusterfs/vast/abcabc/Korra_Foundation/20250624_skittlez_Issac_x_Ken/fish2_roi1	104
/clusterfs/vast/abcabc/Korra_Foundation/20250624_skittlez_Issac_x_Ken/fish2_roi2	104
/clusterfs/vast/abcabc/Korra_Foundation/20250624_skittlez_Issac_x_Ken/fish3_roi1	102
/clusterfs/vast/abcabc/Korra_Foundation/20250624_skittlez_Issac_x_Ken/fish4_roi1	124
/clusterfs/vast/abcabc/Korra_Foundation/20250625_skittlez/fish1_roi1	104
/clusterfs/vast/abcabc/Korra_Foundation/20250625_skittlez/fish1_roi2	104
/clusterfs/vast/abcabc/Korra_Foundation/20250625_skittlez/fish3_roi1	132
/clusterfs/vast/abcabc/Korra_Foundation/20250625_skittlez/fish4_roi1	104
/clusterfs/vast/abcabc/Korra_Foundation/20250625_skittlez/fish5_roi1	104
/clusterfs/vast/abcabc/Korra_Foundation/20250625_skittlez/fish5_roi2	104
/clusterfs/vast/abcabc/Korra_Foundation/20250625_skittlez/fish7_roi1	132
/clusterfs/vast/abcabc/Korra_Foundation/20250625_skittlez/fish8_roi1	104
/clusterfs/vast/abcabc/Korra_Foundation/20250625_skittlez/fish8_roi2	104
/clusterfs/vast/abcabc/Korra_Foundation/20250625_skittlez/fish9_roi1	132
/clusterfs/vast/abcabc/Korra_Foundation/20250626_mem-histone/fish1_48hpf_brain	4447
/clusterfs/vast/abcabc/Korra_Foundation/20250626_mem-histone/fish3_48hpf_hindbrain-to-tail	17360
/clusterfs/vast/abcabc/Korra_Foundation/20250627_skittlez/fish10_roi1	160
/clusterfs/vast/abcabc/Korra_Foundation/20250627_skittlez/fish1_roi1	127
/clusterfs/vast/abcabc/Korra_Foundation/20250627_skittlez/fish1_roi2	104
/clusterfs/vast/abcabc/Korra_Foundation/20250627_skittlez/fish1_roi3	104
/clusterfs/vast/abcabc/Korra_Foundation/20250627_skittlez/fish2_roi1	104
/clusterfs/vast/abcabc/Korra_Foundation/20250627_skittlez/fish3_roi1	132
/clusterfs/vast/abcabc/Korra_Foundation/20250627_skittlez/fish4_roi1	104
/clusterfs/vast/abcabc/Korra_Foundation/20250627_skittlez/fish4_roi2	104
/clusterfs/vast/abcabc/Korra_Foundation/20250627_skittlez/fish5_roi1	132
/clusterfs/vast/abcabc/Korra_Foundation/20250627_skittlez/fish7_roi1	132
/clusterfs/vast/abcabc/Korra_Foundation/20250627_skittlez/fish8_roi1	132
/clusterfs/vast/abcabc/Korra_Foundation/20250627_skittlez/fish9_roi1	160
/clusterfs/vast/abcabc/Korra_Foundation/20250715_mem_organelle/fish1_mem_sg_mito_msc3/roi1	414
/clusterfs/vast/abcabc/Korra_Foundation/20250715_mem_organelle/fish1_mem_sg_mito_msc3/roi2	690
/clusterfs/vast/abcabc/Korra_Foundation/20250715_mem_organelle/fish2_24hpf_mem_mito_msc3_er_halo/roi1_eye	2022
/clusterfs/vast/abcabc/Korra_Foundation/20250715_mem_organelle/fish3_24hpf_mem_mito_msc3_er_halo/roi1	1010
/clusterfs/vast/abcabc/Korra_Foundation/20250715_mem_organelle/fish3_24hpf_mem_mito_msc3_er_halo/roi2	1010
/clusterfs/vast/abcabc/Korra_Foundation/20250715_mem_organelle/fish4_24hpf_mem_mito_msc3_er_halo/roi1	1010
/clusterfs/vast/abcabc/Korra_Foundation/20250715_mem_organelle/fish4_24hpf_mem_mito_msc3_er_halo/roi2	1010
/clusterfs/vast/abcabc/Korra_Foundation/20250715_mem_organelle/fish4_24hpf_mem_mito_msc3_er_halo/roi3	1010
/clusterfs/vast/abcabc/Korra_Foundation/20250715_mem_organelle/fish5_48hpf_mem_mito_halo_er_msc2/roi1	1529
/clusterfs/vast/abcabc/Korra_Foundation/20250715_mem_organelle/fish5_48hpf_mem_mito_halo_er_msc2/roi2	1400
/clusterfs/vast/abcabc/Korra_Foundation/20250715_mem_organelle/fish5_48hpf_mem_mito_halo_er_msc2/roi3	1400
/clusterfs/vast/abcabc/Korra_Foundation/20250715_mem_organelle/fish5_48hpf_mem_mito_halo_er_msc2/roi4	1400
/clusterfs/vast/abcabc/Korra_Foundation/20250715_mem_organelle/fish6_48hpf_mem_mito_halo_er_msc2/roi1	1400
/clusterfs/vast/abcabc/Korra_Foundation/20250715_mem_organelle/fish6_48hpf_mem_mito_halo_er_msc2/roi2	1400
/clusterfs/vast/abcabc/Korra_Foundation/20250715_mem_organelle/fish6_48hpf_mem_mito_halo_er_msc2/roi3	1400
/clusterfs/vast/abcabc/Korra_Foundation/20250715_mem_organelle/fish6_48hpf_mem_mito_halo_er_msc2/roi4	1400
/clusterfs/vast/abcabc/Korra_Foundation/20250715_mem_organelle/fish6_48hpf_mem_mito_halo_er_msc2/roi5	1400
/clusterfs/vast/abcabc/Korra_Foundation/20250715_mem_organelle/fish7_48hpf_mem_mito_halo_er_msc2/roi1	1400
/clusterfs/vast/abcabc/Korra_Foundation/20250715_mem_organelle/fish8_72hpf_mem_mito_msc3_er_halo/roi1	1405
/clusterfs/vast/abcabc/Korra_Foundation/20250715_mem_organelle/fish8_72hpf_mem_mito_msc3_er_halo/roi2	1400
/clusterfs/vast/abcabc/Korra_Foundation/20250715_mem_organelle/fish8_72hpf_mem_mito_msc3_er_halo/roi3	1400
/clusterfs/vast/abcabc/Korra_Foundation/20250718_histone_mSC3_transgenic_test/fish1	200
/clusterfs/vast/abcabc/Korra_Foundation/20250718_histone_mSC3_transgenic_test/fish2	200
/clusterfs/vast/abcabc/Korra_Foundation/20250718_histone_mSC3_transgenic_test/fish3	400
/clusterfs/vast/abcabc/Korra_Foundation/20250723_mem-halo_ER-mSG/fish3_48hpf/roi1_mb	342
/clusterfs/vast/abcabc/Korra_Foundation/20250723_mem-halo_ER-mSG/fish3_48hpf/roi2	420
/clusterfs/vast/abcabc/Korra_Foundation/20250723_mem-halo_ER-mSG/fish3_48hpf/roi3	1182
/clusterfs/vast/abcabc/Korra_Foundation/20250723_mem-halo_ER-mSG/fish3_48hpf/roi4	1235
/clusterfs/vast/abcabc/Korra_Foundation/20250723_mem-halo_ER-mSG/fish3_48hpf/roi5	1235
/clusterfs/vast/abcabc/Korra_Foundation/20250723_mem-halo_ER-mSG/fish3_48hpf/roi6	1235
/clusterfs/vast/abcabc/Korra_Foundation/20250724_mem-mchilada_er-mSG/fish1_24hpf/roi1	513
/clusterfs/vast/abcabc/Korra_Foundation/20250724_mem-mchilada_er-mSG/fish1_24hpf/roi1_2	2915
/clusterfs/vast/abcabc/Korra_Foundation/20250724_mem-mchilada_er-mSG/fish1_24hpf/roi1_3	2915
/clusterfs/vast/abcabc/Korra_Foundation/20250724_mem-mchilada_er-mSG/fish1_24hpf/roi2	4835
/clusterfs/vast/abcabc/Korra_Foundation/20250728_mem-histone/fish1_roi1	2280
/clusterfs/vast/abcabc/Korra_Foundation/20250728_mem-histone/fish1_roi2	2590
/clusterfs/vast/abcabc/Korra_Foundation/20250801_mem-PCNA/fish1_roi1	1624
/clusterfs/vast/abcabc/Korra_Foundation/20250801_mem-PCNA/fish2_roi1	1484
/clusterfs/vast/abcabc/Korra_Foundation/20250801_mem-PCNA/fish3_72hpf_roi1	11386
/clusterfs/vast/abcabc/Korra_Foundation/20250801_mem-histone/fish1_roi1	601
/clusterfs/vast/abcabc/Korra_Foundation/20250805_mem-histone/fish1_24hpf	9444
/clusterfs/vast/abcabc/Korra_Foundation/20250805_mem-histone/fish2_36hpf	7290
/clusterfs/vast/abcabc/Korra_Foundation/20250805_mem-histone/fish3_48hpf	15601
/clusterfs/vast/abcabc/Korra_Foundation/20250805_mem-histone/fish4_48hpf	10581
/clusterfs/vast/abcabc/Korra_Foundation/20250811_mem_cytosol_test/fish1_86	80
/clusterfs/vast/abcabc/Korra_Foundation/20250811_mem_cytosol_test/fish2_144	181
/clusterfs/vast/abcabc/Korra_Foundation/20250811_mem_cytosol_test/fish3_145	241
/clusterfs/vast/abcabc/Korra_Foundation/20251007_mem-histone/fish1_48hpf_roi1	316
/clusterfs/vast/abcabc/Korra_Foundation/20251007_mem-histone/fish1_48hpf_roi1_test	64
/clusterfs/vast/abcabc/Korra_Foundation/20251007_mem-histone/fish1_48hpf_roi1test	76
/clusterfs/vast/abcabc/Korra_Foundation/20251007_mem-histone/fish2_48hpf_roi1_test	8
/clusterfs/vast/abcabc/Korra_Foundation/20251007_mem-histone/fish3_48hpf_roi1	2973
/clusterfs/vast/abcabc/Korra_Foundation/20251007_mem-histone/fish3_48hpf_roi1_test	130
/clusterfs/vast/abcabc/Korra_Foundation/20251007_mem-histone/fish3_48hpf_roi2	2460
/clusterfs/vast/abcabc/Korra_Foundation/20251007_mem-histone/fish3_48hpf_roi2_test	172
/clusterfs/vast/abcabc/Korra_Foundation/20251009_skittlez/fish1_roi1	22
/clusterfs/vast/abcabc/Korra_Foundation/20251010_mem-histone/fish1_24hpf_roi1	10593
/clusterfs/vast/abcabc/Korra_Foundation/20251013_mem-histone/fish1_96hpf_roi0_test	3430
/clusterfs/vast/abcabc/Korra_Foundation/20251013_mem-histone/fish1_96hpf_roi1	3114
/clusterfs/vast/abcabc/Korra_Foundation/20251013_mem-histone/fish1_96hpf_roi2	3114
/clusterfs/vast/abcabc/Korra_Foundation/20251013_mem-histone/fish1_96hpf_roi3	3114
/clusterfs/vast/abcabc/Korra_Foundation/20251013_mem-histone/fish2_96hpf_roi1	3114
/clusterfs/vast/abcabc/Korra_Foundation/20251013_mem-histone/fish2_96hpf_roi2	3114
/clusterfs/vast/abcabc/Korra_Foundation/20251013_mem-histone/fish3_96hpf_roi1	3114
/clusterfs/vast/abcabc/Korra_Foundation/20251013_mem-histone/fish3_96hpf_roi2	3114
/clusterfs/vast/abcabc/Korra_Foundation/20251013_mem-histone/fish3_96hpf_roi3	3114
/clusterfs/vast/abcabc/Korra_Foundation/20251015_mem-histone/fish1_48hpf_roi1	3114
/clusterfs/vast/abcabc/Korra_Foundation/20251015_mem-histone/fish2_48hpf_roi1	3114
/clusterfs/vast/abcabc/Korra_Foundation/20251015_mem-histone/fish3_48hpf_roi1	3114
/clusterfs/vast/abcabc/Korra_Foundation/20251015_mem-histone/fish3_48hpf_roi2	3114
/clusterfs/vast/abcabc/Korra_Foundation/20251015_mem-histone/fish4_48hpf_roi1	3124
/clusterfs/vast/abcabc/Korra_Foundation/20251016_mem-histone/fish1_72hpf_roi1	3114
/clusterfs/vast/abcabc/Korra_Foundation/20251016_mem-histone/fish2_72hpf_roi1	3114
/clusterfs/vast/abcabc/Korra_Foundation/20251016_mem-histone/fish2_72hpf_roi2	3114
/clusterfs/vast/abcabc/Korra_Foundation/20251016_mem-histone/fish2_72hpf_roi3	3114
/clusterfs/vast/abcabc/Korra_Foundation/20251016_mem-histone/fish3_72hpf_roi1	3115
/clusterfs/vast/abcabc/Korra_Foundation/20251016_mem-histone/fish3_72hpf_roi2	3114
/clusterfs/vast/abcabc/Korra_Foundation/20251017_microtubules/fish2_24hpf_roi1_test	3114
/clusterfs/vast/abcabc/Korra_Foundation/20251020_mem-histone/fish1_72hpf_roi1	3114
/clusterfs/vast/abcabc/Korra_Foundation/20251020_mem-histone/fish1_72hpf_roi2	3114
/clusterfs/vast/abcabc/Korra_Foundation/20251020_mem-histone/fish1_72hpf_roi3	3114
/clusterfs/vast/abcabc/Korra_Foundation/20251020_mem-histone/fish1_72hpf_roi4	3114
/clusterfs/vast/abcabc/Korra_Foundation/20251020_mem-histone/fish1_72hpf_roi5	3114
/clusterfs/vast/abcabc/Korra_Foundation/20251020_mem-histone/fish2_72hpf_roi1	3114
/clusterfs/vast/abcabc/Korra_Foundation/20251020_mem-histone/fish2_72hpf_roi2	3114
/clusterfs/vast/abcabc/Korra_Foundation/20251020_mem-histone/fish2_72hpf_roi3	338
/clusterfs/vast/abcabc/Korra_Foundation/20251022_mem-histone/fish1_24hpf_roi2	3114
/clusterfs/vast/abcabc/Korra_Foundation/20251022_mem-histone/fish1_24hpf_roi3	3114
/clusterfs/vast/abcabc/Korra_Foundation/20251022_mem-histone/fish2_24hpf_roi1	3114
/clusterfs/vast/abcabc/Korra_Foundation/20251022_mem-histone/fish2_24hpf_roi2	3114
/clusterfs/vast/abcabc/Korra_Foundation/20251022_mem-histone/fish2_24hpf_roi3	3114
/clusterfs/vast/abcabc/Korra_Foundation/20251022_mem-histone/fish3_24hpf_roi1	3114
/clusterfs/vast/abcabc/Korra_Foundation/20251022_mem-histone/fish3_24hpf_roi2	3114
/clusterfs/vast/abcabc/Korra_Foundation/20251022_mem-histone/fish4_24hpf_roi1	3114
/clusterfs/vast/abcabc/Korra_Foundation/20251022_mem-histone/fish4_24hpf_roi2	3114
/clusterfs/vast/abcabc/Korra_Foundation/20251022_mem-histone/fish4_24hpf_roi3	3114
/clusterfs/vast/abcabc/Korra_Foundation/20251024_mem-histone/fish2_72hpf_roi1	3114
/clusterfs/vast/abcabc/Korra_Foundation/20251024_mem-histone/fish2_72hpf_roi2	3114
/clusterfs/vast/abcabc/Korra_Foundation/20251024_mem-histone/fish2_72hpf_roi3	3114
/clusterfs/vast/abcabc/Korra_Foundation/20251024_mem-histone/fish3_72hpf_roi1	3114
/clusterfs/vast/abcabc/Korra_Foundation/20251024_mem-histone/fish3_72hpf_roi2	3114
/clusterfs/vast/abcabc/Korra_Foundation/20251024_mem-histone/fish3_72hpf_roi3	3114
/clusterfs/vast/abcabc/Korra_Foundation/20251024_mem-histone/fish3_72hpf_roi4	3114
/clusterfs/vast/abcabc/Korra_Foundation/20251024_mem-histone/fish3_72hpf_roi5	3114
/clusterfs/vast/abcabc/Korra_Foundation/20251027_mem-histone/fish3_72hpf_roi1	3114
/clusterfs/vast/abcabc/Korra_Foundation/20251027_mem-histone/fish3_72hpf_roi2	3114
/clusterfs/vast/abcabc/Korra_Foundation/20251027_mem-histone/fish3_72hpf_roi3	3114
/clusterfs/vast/abcabc/Korra_Foundation/20251027_mem-histone/fish3_72hpf_roi4	3114
/clusterfs/vast/abcabc/Korra_Foundation/20251029_mem-histone/fish2_24hpf_roi1	3114
/clusterfs/vast/abcabc/Korra_Foundation/20251029_mem-histone/fish3_24hpf_roi1	3114
/clusterfs/vast/abcabc/Korra_Foundation/20251029_mem-histone/fish5_24hpf_roi1	3114
/clusterfs/vast/abcabc/Korra_Foundation/20251029_mem-histone/fish5_24hpf_roi2	3114
/clusterfs/vast/abcabc/Korra_Foundation/20251106_mem-mito/fish1_48hpf_roi1	827
/clusterfs/vast/abcabc/Korra_Foundation/20251106_mem-mito/fish1_48hpf_roi2	820
/clusterfs/vast/abcabc/Korra_Foundation/20251106_mem-mito/fish1_48hpf_roi3	820
/clusterfs/vast/abcabc/Korra_Foundation/20251106_mem-mito/fish1_48hpf_roi4	820
/clusterfs/vast/abcabc/Korra_Foundation/20251106_mem-mito/fish1_48hpf_roi5	820
/clusterfs/vast/abcabc/Korra_Foundation/20251106_mem-mito/fish2_48hpf_roi1	1076
/clusterfs/vast/abcabc/Korra_Foundation/20251106_mem-mito/fish2_48hpf_roi2	1076
/clusterfs/vast/abcabc/Korra_Foundation/20251106_mem-mito/fish2_48hpf_roi3	1076
/clusterfs/vast/abcabc/Korra_Foundation/20251106_mem-mito/fish2_48hpf_roi4	1076
/clusterfs/vast/abcabc/Korra_Foundation/20251106_mem-mito/fish2_48hpf_roi5	1076
/clusterfs/vast/abcabc/Korra_Foundation/20251107_mem-centrioles/fish2_72hpf_roi1	26
/clusterfs/vast/abcabc/Korra_Foundation/20251110_mem-histone/fish1_48hpf_roi1	142
/clusterfs/vast/abcabc/Korra_Foundation/20251110_mem-histone/fish1_48hpf_roi2	2076
/clusterfs/vast/abcabc/Korra_Foundation/20251110_mem-histone/fish2_48hpf_roi1	324
/clusterfs/vast/abcabc/Korra_Foundation/20251110_mem-histone/fish2_48hpf_roi1-2	7740
/clusterfs/vast/abcabc/Korra_Foundation/20251110_mem-histone/fish3_48hpf_roi1	18980
/clusterfs/vast/abcabc/Korra_Foundation/20251110_mem-histone/fish4_48hpf_roi1	856
/clusterfs/vast/abcabc/Korra_Foundation/20251112_mem-mito/fish2_48hpf_roi1	1384
/clusterfs/vast/abcabc/Korra_Foundation/20251112_mem-mito/fish2_48hpf_roi2	1384
/clusterfs/vast/abcabc/Korra_Foundation/20251112_mem-mito/fish2_48hpf_roi3	1402
/clusterfs/vast/abcabc/Korra_Foundation/20251112_mem-mito/fish3_48hpf_roi1	1324
/clusterfs/vast/abcabc/Korra_Foundation/20251112_mem-mito/fish3_48hpf_roi2	1324
/clusterfs/vast/abcabc/Korra_Foundation/20251112_mem-mito/fish3_48hpf_roi3	1324
/clusterfs/vast/abcabc/Korra_Foundation/20251112_mem-mito/fish3_48hpf_roi4	1324
/clusterfs/vast/abcabc/Korra_Foundation/20251112_mem-mito/fish4_48hpf_roi1	1324
/clusterfs/vast/abcabc/Korra_Foundation/20251112_mem-mito/fish4_48hpf_roi2	1324
/clusterfs/vast/abcabc/Korra_Foundation/20251112_mem-mito/fish4_48hpf_roi3	1324
/clusterfs/vast/abcabc/Korra_Foundation/20251113_mem-histone/fish1_120hpf_roi1	3042
/clusterfs/vast/abcabc/Korra_Foundation/20251113_mem-histone/fish2_120hpf_roi1	14461
/clusterfs/vast/abcabc/Korra_Foundation/20251114_mem-mito_mount1/fish1_24hpf_roi1	1145
/clusterfs/vast/abcabc/Korra_Foundation/20251114_mem-mito_mount1/fish1_24hpf_roi2	1076
/clusterfs/vast/abcabc/Korra_Foundation/20251114_mem-mito_mount1/fish2_24hpf_roi1	1076
/clusterfs/vast/abcabc/Korra_Foundation/20251114_mem-mito_mount1/fish2_24hpf_roi2	1076
/clusterfs/vast/abcabc/Korra_Foundation/20251114_mem-mito_mount1/fish2_24hpf_roi3	1076
/clusterfs/vast/abcabc/Korra_Foundation/20251114_mem-mito_mount1/fish3_24hpf_roi1	1076
/clusterfs/vast/abcabc/Korra_Foundation/20251114_mem-mito_mount1/fish3_24hpf_roi2	1076
/clusterfs/vast/abcabc/Korra_Foundation/20251114_mem-mito_mount1/fish3_24hpf_roi3	1076
/clusterfs/vast/abcabc/Korra_Foundation/20251114_mem-mito_mount1/fish4_24hpf_roi1	1076
/clusterfs/vast/abcabc/Korra_Foundation/20251114_mem-mito_mount1/fish4_24hpf_roi2	1076
/clusterfs/vast/abcabc/Korra_Foundation/20251114_mem-mito_mount1/fish4_24hpf_roi3	308
/clusterfs/vast/abcabc/Korra_Foundation/20251114_mem-mito_mount2/fish1_24hpf_roi1	1076
/clusterfs/vast/abcabc/Korra_Foundation/20251114_mem-mito_mount2/fish1_24hpf_roi2	1076
/clusterfs/vast/abcabc/Korra_Foundation/20251114_mem-mito_mount2/fish2_24hpf_roi1	1076
/clusterfs/vast/abcabc/Korra_Foundation/20251114_mem-mito_mount2/fish2_24hpf_roi2	1076
/clusterfs/vast/abcabc/Korra_Foundation/20251114_mem-mito_mount2/fish4_24hpf_roi1	1076
/clusterfs/vast/abcabc/Korra_Foundation/20251114_mem-mito_mount2/fish4_24hpf_roi2	1076
/clusterfs/vast/abcabc/Korra_Foundation/20251114_mem-mito_mount2/fish4_24hpf_roi3	1076
/clusterfs/vast/abcabc/Korra_Foundation/20251114_mem-mito_mount2/fish5_24hpf_roi1	1076
/clusterfs/vast/abcabc/Korra_Foundation/20251114_mem-mito_mount2/fish5_24hpf_roi2	1076
/clusterfs/vast/abcabc/Korra_Foundation/20251114_mem-mito_mount2/fish5_24hpf_roi3	1076
/clusterfs/vast/abcabc/Korra_Foundation/20251114_mem-mito_mount2/fish6_24hpf_roi1	1076
/clusterfs/vast/abcabc/Korra_Foundation/20251114_mem-mito_mount2/fish6_24hpf_roi2	1076
/clusterfs/vast/abcabc/Korra_Foundation/20251117_mem-histone/fish1_48hpf_roi1	15027
/clusterfs/vast/abcabc/Korra_Foundation/20251121_mem-histone/fish1_48hpf_roi1	801
/clusterfs/vast/abcabc/Korra_Foundation/20251121_mem-histone/fish1_48hpf_roi1-2	541
/clusterfs/vast/abcabc/Korra_Foundation/20251121_mem-histone/fish1_48hpf_roi2	44921
/clusterfs/vast/abcabc/Korra_Foundation/20251121_mem-histone/fish2_48hpf_roi1	2045
/clusterfs/vast/abcabc/Korra_Foundation/20251124_mem-histone/fish1_72hpf_roi1	27304
/clusterfs/vast/abcabc/Korra_Foundation/20251125_mem-histone/fish1_96hpf_roi1	80
/clusterfs/vast/abcabc/Korra_Foundation/20251125_mem-histone/fish1_96hpf_roi1-2	2848
/clusterfs/vast/abcabc/Korra_Foundation/20251125_mem-histone/fish1_96hpf_roi1-3	678
/clusterfs/vast/abcabc/Korra_Foundation/20251125_mem-histone/fish1_96hpf_roi1-4	8554
/clusterfs/vast/abcabc/Korra_Foundation/20251126_mem-histone/fish1_120hpf_roi1	40600
/clusterfs/vast/abcabc/Korra_Foundation/20251126_mem-histone/fish2_120hpf_roi1	240
/clusterfs/vast/abcabc/Korra_Foundation/20251128_mem-histone/fish1_120hpf_roi1	10192
/clusterfs/vast/abcabc/Korra_Foundation/20251128_mem-histone/fish2_120hpf_roi1	10192
/clusterfs/vast/abcabc/Korra_Foundation/20251202_mem-cytosolic/fish1_24hpf_roi1	3276
/clusterfs/vast/abcabc/Korra_Foundation/20251202_mem-cytosolic/fish1_24hpf_roi2	5634
/clusterfs/vast/abcabc/Korra_Foundation/20251202_mem-cytosolic/fish4_24hpf_roi1	5632
/clusterfs/vast/abcabc/Korra_Foundation/20251202_mem-cytosolic/fish5_24hpf_roi1	3072
/clusterfs/vast/abcabc/Korra_Foundation/20251202_mem-cytosolic/fish6_24hpf_roi1	3072
/clusterfs/vast/abcabc/Korra_Foundation/20251203_mem-cytosolic/fish1_48hpf_roi1	6782
/clusterfs/vast/abcabc/Korra_Foundation/20251203_mem-cytosolic/fish2_48hpf_roi1	6720
/clusterfs/vast/abcabc/Korra_Foundation/20251203_mem-cytosolic/fish3_48hpf_roi1	6720
/clusterfs/vast/abcabc/Korra_Foundation/20251203_mem-cytosolic/fish4_48hpf_roi1	5440
/clusterfs/vast/abcabc/Korra_Foundation/20251204_mem_histone/fish1_72hpf_roi1	1352
/clusterfs/vast/abcabc/Korra_Foundation/20251204_mem_histone/fish1_72hpf_roi2	1352
/clusterfs/vast/abcabc/Korra_Foundation/20251204_mem_histone/fish1_72hpf_roi3	1352
/clusterfs/vast/abcabc/Korra_Foundation/20251204_mem_histone/fish1_72hpf_roi4	1352
/clusterfs/vast/abcabc/Korra_Foundation/20251204_mem_histone/fish1_72hpf_roi5	1352
/clusterfs/vast/abcabc/Korra_Foundation/20251204_mem_histone/fish1_72hpf_roi6	1352
/clusterfs/vast/abcabc/Korra_Foundation/20251204_mem_histone/fish1_72hpf_roi7	1352
/clusterfs/vast/abcabc/Korra_Foundation/20251204_mem_histone/fish1_72hpf_roi8	1352
/clusterfs/vast/abcabc/Korra_Foundation/20251204_mem_histone/fish1_72hpf_roi9	1352
/clusterfs/vast/abcabc/Korra_Foundation/20251204_mem_histone/fish3_72hpf_roi1	1352
/clusterfs/vast/abcabc/Korra_Foundation/20251204_mem_histone/fish3_72hpf_roi2	1352
/clusterfs/vast/abcabc/Korra_Foundation/20251205_mem-histone/fish1_96hpf_roi1	1352
/clusterfs/vast/abcabc/Korra_Foundation/20251205_mem-histone/fish1_96hpf_roi2	1352
/clusterfs/vast/abcabc/Korra_Foundation/20251205_mem-histone/fish1_96hpf_roi3	1352
/clusterfs/vast/abcabc/Korra_Foundation/20251205_mem-histone/fish2_96hpf_roi1	1352
/clusterfs/vast/abcabc/Korra_Foundation/20251205_mem-histone/fish2_96hpf_roi2	1352
/clusterfs/vast/abcabc/Korra_Foundation/20251205_mem-histone/fish2_96hpf_roi3	1352
/clusterfs/vast/abcabc/Korra_Foundation/20251208_mem-histone/fish1_24hpf_roi1	2535
/clusterfs/vast/abcabc/Korra_Foundation/20251208_mem-histone/fish1_24hpf_roi1-2	7275
/clusterfs/vast/abcabc/Korra_Foundation/20251208_mem-histone/fish4_24hpf_roi2	3018
/clusterfs/vast/abcabc/Korra_Foundation/20251209_mem-histone/fish1_24hpf_roi1	8745
/clusterfs/vast/abcabc/Korra_Foundation/20251209_mem-histone/fish2_24hpf_roi1	231
/clusterfs/vast/abcabc/Korra_Foundation/20251209_mem-histone/fish3_48hpf_roi1	3014
/clusterfs/vast/abcabc/Korra_Foundation/20251210_mem-histone/fish1_48hpf_roi1	5552
/clusterfs/vast/abcabc/Korra_Foundation/20251210_mem-histone/fish2_48hpf_roi1	2184
/clusterfs/vast/abcabc/Korra_Foundation/20251210_mem-histone/fish2_48hpf_roi2	5226
/clusterfs/vast/abcabc/Korra_Foundation/20251210_mem-histone/fish3_48hpf_roi1	12380
/clusterfs/vast/abcabc/Korra_Foundation/20251211_mem-histone/fish1_72hpf_roi1	10078
/clusterfs/vast/abcabc/Korra_Foundation/20251211_mem-histone/fish2_72hpf_roi1	7839
/clusterfs/vast/abcabc/Korra_Foundation/20251212_mem-histone/fish1_72hpf_roi1	3514
/clusterfs/vast/abcabc/Korra_Foundation/20251212_mem-histone/fish2_72hpf_roi1	23985
/clusterfs/vast/abcabc/Korra_Foundation/20251212_mem-histone/fish3_72hpf_roi1	20910
/clusterfs/vast/abcabc/Korra_Foundation/20251216_mem-histone/fish1_24hpf_roi1	4616
/clusterfs/vast/abcabc/Korra_Foundation/20251216_mem-histone/fish2_24hpf_roi1	3060
/clusterfs/vast/abcabc/Korra_Foundation/20251216_mem-histone/fish3_24hpf_roi1	1756
/clusterfs/vast/abcabc/Korra_Foundation/20251216_mem-histone/fish4_24hpf_roi1	3948
/clusterfs/vast/abcabc/Korra_Foundation/20251216_mem-histone/fish5_24hpf_roi1	5922
/clusterfs/vast/abcabc/Korra_Foundation/20251217_mem-histone/fish1_48hpf_roi1	18929
/clusterfs/vast/abcabc/Korra_Foundation/20251218_mem-histone/fish1_72hpf_roi1	4743
/clusterfs/vast/abcabc/Korra_Foundation/20251218_mem-histone/fish1_72hpf_roi2	4743
/clusterfs/vast/abcabc/Korra_Foundation/20251218_mem-histone/fish1_72hpf_roi3	4743
/clusterfs/vast/abcabc/Korra_Foundation/20251218_mem-histone/fish2_72hpf_roi1_eye	3990
/clusterfs/vast/abcabc/Korra_Foundation/20251218_mem-histone/fish3_72hpf_roi1	1735
/clusterfs/vast/abcabc/Korra_Foundation/20251218_mem-histone/fish3_72hpf_roi2	1735
/clusterfs/vast/abcabc/Korra_Foundation/20251218_mem-histone/fish3_72hpf_roi3	1735
/clusterfs/vast/abcabc/Korra_Foundation/20251222_mem-histone/fish1_72hpf_roi1	10492
/clusterfs/vast/abcabc/Korra_Foundation/20251222_mem-histone/fish2_72hpf_roi1	6498
