plate_code,slot_code,legacy_fish_label,fish_code,imaging_nickname,timepoint,notes
aang,20251028_peroxi,20251028_peroxi,,,,
aang,20251029_mem-histone,20251029_mem-histone,,,,
aang,20251029_peroxi,20251029_peroxi,,,,
aang,er_roi1,er_roi1,,,,
aang,er_roi2,er_roi2,,,,
aang,er_roi3,er_roi3,,,,
aang,fish10_24hpf_roi1,fish10_24hpf_roi1,,,,
aang,fish10_24hpf_roi2,fish10_24hpf_roi2,,,,
aang,fish11_24hpf_roi1,fish11_24hpf_roi1,,,,
aang,fish11_24hpf_roi2,fish11_24hpf_roi2,,,,
aang,fish11_24hpf_roi3,fish11_24hpf_roi3,,,,
aang,fish12_24hpf_roi1,fish12_24hpf_roi1,,,,
aang,fish12_24hpf_roi2,fish12_24hpf_roi2,,,,
aang,fish12_24hpf_roi3,fish12_24hpf_roi3,,,,
aang,fish12_24hpf_roi4,fish12_24hpf_roi4,,,,
aang,fish1_120hpf_roi1,fish1_120hpf_roi1,,,,
aang,fish1_120hpf_roi2,fish1_120hpf_roi2,,,,
aang,fish1_24hpf_mem-mchilada_lyso-mSG,fish1_24hpf_mem-mchilada_lyso-mSG,,,,
aang,fish1_24hpf_roi1,fish1_24hpf_roi1,,,,
aang,fish1_24hpf_roi1-2,fish1_24hpf_roi1-2,,,,
aang,fish1_24hpf_roi1_test,fish1_24hpf_roi1_test,,,,
aang,fish1_24hpf_roi1_test_SIM,fish1_24hpf_roi1_test_SIM,,,,
aang,fish1_24hpf_roi2,fish1_24hpf_roi2,,,,
aang,fish1_24hpf_roi3,fish1_24hpf_roi3,,,,
aang,fish1_24hpf_roi3_2,fish1_24hpf_roi3_2,,,,
aang,fish1_24hpf_roi4,fish1_24hpf_roi4,,,,
aang,fish1_24hpf_roi5,fish1_24hpf_roi5,,,,
aang,fish1_24hpf_roi6,fish1_24hpf_roi6,,,,
aang,fish1_24hpf_roi7,fish1_24hpf_roi7,,,,
aang,fish1_24hpf_roi8,fish1_24hpf_roi8,,,,
aang,fish1_48hpf_roi1,fish1_48hpf_roi1,,,,
aang,fish1_48hpf_roi2,fish1_48hpf_roi2,,,,
aang,fish1_48hpf_roi3,fish1_48hpf_roi3,,,,
aang,fish1_48hpf_roi4,fish1_48hpf_roi4,,,,
aang,fish1_48hpf_roi5,fish1_48hpf_roi5,,,,
aang,fish1_48hpf_xscan_roi1_brain,fish1_48hpf_xscan_roi1_brain,,,,
aang,fish1_48hpf_xscan_roi2_spine_muscle,fish1_48hpf_xscan_roi2_spine_muscle,,,,
aang,fish1_48hpf_xscan_roi3_spine_muscle_tail,fish1_48hpf_xscan_roi3_spine_muscle_tail,,,,
aang,fish1_48hpf_xscan_roi4_spine_muscle_tail,fish1_48hpf_xscan_roi4_spine_muscle_tail,,,,
aang,fish1_48hpf_xscan_roi5_spine_muscle_tail,fish1_48hpf_xscan_roi5_spine_muscle_tail,,,,
aang,fish1_48hpf_xscan_roi6_spine_muscle_tail,fish1_48hpf_xscan_roi6_spine_muscle_tail,,,,
aang,fish1_48hpf_xscan_roi7_spine_muscle_tail,fish1_48hpf_xscan_roi7_spine_muscle_tail,,,,
aang,fish1_72hpf_roi1,fish1_72hpf_roi1,,,,
aang,fish1_72hpf_roi2,fish1_72hpf_roi2,,,,
aang,fish1_72hpf_roi3,fish1_72hpf_roi3,,,,
aang,fish1_72hpf_roi4,fish1_72hpf_roi4,,,,
aang,fish1_72hpf_roi5,fish1_72hpf_roi5,,,,
aang,fish1_72hpf_roi6,fish1_72hpf_roi6,,,,
aang,fish1_72hpf_roi7,fish1_72hpf_roi7,,,,
aang,fish1_72hpf_roi8,fish1_72hpf_roi8,,,,
aang,fish1_96hpf_roi1,fish1_96hpf_roi1,,,,
aang,fish1_96hpf_roi3,fish1_96hpf_roi3,,,,
aang,fish1_roi1,fish1_roi1,,,,
aang,fish1_roi2,fish1_roi2,,,,
aang,fish1_roi3,fish1_roi3,,,,
aang,fish2_24hpf_mem-mchilada_lyso-mSG,fish2_24hpf_mem-mchilada_lyso-mSG,,,,
aang,fish2_24hpf_roi1,fish2_24hpf_roi1,,,,
aang,fish2_24hpf_roi2,fish2_24hpf_roi2,,,,
aang,fish2_24hpf_roi2-2,fish2_24hpf_roi2-2,,,,
aang,fish2_24hpf_roi3,fish2_24hpf_roi3,,,,
aang,fish2_24hpf_roi4,fish2_24hpf_roi4,,,,
aang,fish2_48hpf_roi1,fish2_48hpf_roi1,,,,
aang,fish2_48hpf_roi2,fish2_48hpf_roi2,,,,
aang,fish2_48hpf_roi2_test,fish2_48hpf_roi2_test,,,,
aang,fish2_48hpf_roi3,fish2_48hpf_roi3,,,,
aang,fish2_48hpf_roi4,fish2_48hpf_roi4,,,,
aang,fish2_48hpf_roi5,fish2_48hpf_roi5,,,,
aang,fish2_72hpf_roi1,fish2_72hpf_roi1,,,,
aang,fish2_72hpf_roi2,fish2_72hpf_roi2,,,,
aang,fish2_72hpf_roi3,fish2_72hpf_roi3,,,,
aang,fish2_72hpf_roi4,fish2_72hpf_roi4,,,,
aang,fish2_72hpf_roi5,fish2_72hpf_roi5,,,,
aang,fish3_120hpf_roi1,fish3_120hpf_roi1,,,,
aang,fish3_120hpf_roi2,fish3_120hpf_roi2,,,,
aang,fish3_120hpf_roi3,fish3_120hpf_roi3,,,,
aang,fish3_120hpf_roi4,fish3_120hpf_roi4,,,,
aang,fish3_120hpf_roi5,fish3_120hpf_roi5,,,,
aang,fish3_120hpf_roi6,fish3_120hpf_roi6,,,,
aang,fish3_120hpf_roi7,fish3_120hpf_roi7,,,,
aang,fish3_24hpf_mem-mchilada_mito-mSG,fish3_24hpf_mem-mchilada_mito-mSG,,,,
aang,fish3_24hpf_roi1,fish3_24hpf_roi1,,,,
aang,fish3_24hpf_roi1_test,fish3_24hpf_roi1_test,,,,
aang,fish3_24hpf_roi2,fish3_24hpf_roi2,,,,
aang,fish3_24hpf_roi3,fish3_24hpf_roi3,,,,
aang,fish3_24hpf_roi4,fish3_24hpf_roi4,,,,
aang,fish3_24hpf_roi5,fish3_24hpf_roi5,,,,
aang,fish3_24hpf_roi6,fish3_24hpf_roi6,,,,
aang,fish3_24hpf_roi7,fish3_24hpf_roi7,,,,
aang,fish3_48hpf_roi1,fish3_48hpf_roi1,,,,
aang,fish3_48hpf_roi2,fish3_48hpf_roi2,,,,
aang,fish3_48hpf_roi3,fish3_48hpf_roi3,,,,
aang,fish3_48hpf_roi4,fish3_48hpf_roi4,,,,
aang,fish3_72hpf_roi1,fish3_72hpf_roi1,,,,
aang,fish3_72hpf_roi10,fish3_72hpf_roi10,,,,
aang,fish3_72hpf_roi11,fish3_72hpf_roi11,,,,
aang,fish3_72hpf_roi12,fish3_72hpf_roi12,,,,
aang,fish3_72hpf_roi2,fish3_72hpf_roi2,,,,
aang,fish3_72hpf_roi3,fish3_72hpf_roi3,,,,
aang,fish3_72hpf_roi4,fish3_72hpf_roi4,,,,
aang,fish3_72hpf_roi5,fish3_72hpf_roi5,,,,
aang,fish3_72hpf_roi6,fish3_72hpf_roi6,,,,
aang,fish3_72hpf_roi7,fish3_72hpf_roi7,,,,
aang,fish3_72hpf_roi8,fish3_72hpf_roi8,,,,
aang,fish3_72hpf_roi9,fish3_72hpf_roi9,,,,
aang,fish3_96hpf_roi1,fish3_96hpf_roi1,,,,
aang,fish3_96hpf_roi2,fish3_96hpf_roi2,,,,
aang,fish3_96hpf_roi3,fish3_96hpf_roi3,,,,
aang,fish3_96hpf_roi4,fish3_96hpf_roi4,,,,
aang,fish4_24hpf_mem-mchilada_mito-mSG,fish4_24hpf_mem-mchilada_mito-mSG,,,,
aang,fish4_24hpf_roi1,fish4_24hpf_roi1,,,,
aang,fish4_24hpf_roi2,fish4_24hpf_roi2,,,,
aang,fish4_24hpf_roi3,fish4_24hpf_roi3,,,,
aang,fish4_24hpf_roi4,fish4_24hpf_roi4,,,,
aang,fish4_48hpf_roi1,fish4_48hpf_roi1,,,,
aang,fish4_48hpf_roi2,fish4_48hpf_roi2,,,,
aang,fish4_48hpf_roi3,fish4_48hpf_roi3,,,,
aang,fish4_48hpf_roi4,fish4_48hpf_roi4,,,,
aang,fish4_48hpf_roi5,fish4_48hpf_roi5,,,,
aang,fish4_48hpf_roi6,fish4_48hpf_roi6,,,,
aang,fish4_48hpf_roi7,fish4_48hpf_roi7,,,,
aang,fish4_48hpf_roi8,fish4_48hpf_roi8,,,,
aang,fish4_72hpf_roi1,fish4_72hpf_roi1,,,,
aang,fish4_72hpf_roi2,fish4_72hpf_roi2,,,,
aang,fish4_72hpf_roi3,fish4_72hpf_roi3,,,,
aang,fish4_72hpf_roi4,fish4_72hpf_roi4,,,,
aang,fish4_72hpf_roi5,fish4_72hpf_roi5,,,,
aang,fish4_72hpf_roi6,fish4_72hpf_roi6,,,,
aang,fish5_24hpf_roi1,fish5_24hpf_roi1,,,,
aang,fish5_24hpf_roi2,fish5_24hpf_roi2,,,,
aang,fish5_24hpf_roi3,fish5_24hpf_roi3,,,,
aang,fish5_24hpf_roi4,fish5_24hpf_roi4,,,,
aang,fish5_48hpf_roi1,fish5_48hpf_roi1,,,,
aang,fish5_48hpf_roi11,fish5_48hpf_roi11,,,,
aang,fish5_48hpf_roi12,fish5_48hpf_roi12,,,,
aang,fish5_48hpf_roi2,fish5_48hpf_roi2,,,,
aang,fish5_48hpf_roi3,fish5_48hpf_roi3,,,,
aang,fish5_48hpf_roi4,fish5_48hpf_roi4,,,,
aang,fish5_48hpf_roi5,fish5_48hpf_roi5,,,,
aang,fish5_72hpf_roi1,fish5_72hpf_roi1,,,,
aang,fish5_72hpf_roi2,fish5_72hpf_roi2,,,,
aang,fish5_72hpf_roi3,fish5_72hpf_roi3,,,,
aang,fish5_72hpf_roi4,fish5_72hpf_roi4,,,,
aang,fish6_24hpf_roi1,fish6_24hpf_roi1,,,,
aang,fish6_24hpf_roi2,fish6_24hpf_roi2,,,,
aang,fish6_24hpf_roi3,fish6_24hpf_roi3,,,,
aang,fish6_48hpf_roi1,fish6_48hpf_roi1,,,,
aang,fish6_48hpf_roi2,fish6_48hpf_roi2,,,,
aang,fish6_48hpf_roi3,fish6_48hpf_roi3,,,,
aang,fish6_48hpf_roi4,fish6_48hpf_roi4,,,,
aang,fish6_48hpf_roi5,fish6_48hpf_roi5,,,,
aang,fish6_72hpf_roi1,fish6_72hpf_roi1,,,,
aang,fish7_24hpf_roi1,fish7_24hpf_roi1,,,,
aang,fish7_24hpf_roi2,fish7_24hpf_roi2,,,,
aang,fish7_24hpf_roi3,fish7_24hpf_roi3,,,,
aang,fish7_24hpf_roi4,fish7_24hpf_roi4,,,,
aang,fish7_24hpf_roi5,fish7_24hpf_roi5,,,,
aang,fish7_48hpf_roi1,fish7_48hpf_roi1,,,,
aang,fish7_48hpf_roi2,fish7_48hpf_roi2,,,,
aang,fish8_24hpf_roi1,fish8_24hpf_roi1,,,,
aang,fish8_24hpf_roi2,fish8_24hpf_roi2,,,,
aang,fish8_24hpf_roi3,fish8_24hpf_roi3,,,,
aang,fish8_24hpf_roi4,fish8_24hpf_roi4,,,,
aang,fish8_24hpf_roi5,fish8_24hpf_roi5,,,,
aang,fish8_48hpf_roi1,fish8_48hpf_roi1,,,,
aang,fish8_48hpf_roi2,fish8_48hpf_roi2,,,,
aang,fish8_48hpf_roi3,fish8_48hpf_roi3,,,,
aang,fish9_24hpf_roi1,fish9_24hpf_roi1,,,,
aang,fish9_24hpf_roi2,fish9_24hpf_roi2,,,,
aang,fish_48hpf_roi1,fish_48hpf_roi1,,,,
aang,fish_48hpf_roi2,fish_48hpf_roi2,,,,
aang,fish_48hpf_roi3,fish_48hpf_roi3,,,,
aang,fish_48hpf_roi4,fish_48hpf_roi4,,,,
aang,mito_roi1,mito_roi1,,,,
aang,mito_roi2,mito_roi2,,,,
aang,roi1_newscripttest,roi1_newscripttest,,,,
korra,fish1,fish1,,,,
korra,fish10,fish10,,,,
korra,fish10_roi1,fish10_roi1,,,,
korra,fish10_roi2,fish10_roi2,,,,
korra,fish10_roi3,fish10_roi3,,,,
korra,fish10_roi4,fish10_roi4,,,,
korra,fish11,fish11,,,,
korra,fish11_72hpf_roi1,fish11_72hpf_roi1,,,,
korra,fish11_roi1,fish11_roi1,,,,
korra,fish11_roi1_eye,fish11_roi1_eye,,,,
korra,fish11_roi1_eye_2,fish11_roi1_eye_2,,,,
korra,fish11_roi2,fish11_roi2,,,,
korra,fish12,fish12,,,,
korra,fish12_roi1,fish12_roi1,,,,
korra,fish12_roi2,fish12_roi2,,,,
korra,fish13,fish13,,,,
korra,fish13_roi1,fish13_roi1,,,,
korra,fish13_roi2,fish13_roi2,,,,
korra,fish14,fish14,,,,
korra,fish14_roi1,fish14_roi1,,,,
korra,fish14_roi2,fish14_roi2,,,,
korra,fish14_roi3,fish14_roi3,,,,
korra,fish15,fish15,,,,
korra,fish15_roi1,fish15_roi1,,,,
korra,fish15_roi2,fish15_roi2,,,,
korra,fish15_roi3,fish15_roi3,,,,
korra,fish16,fish16,,,,
korra,fish16_roi1,fish16_roi1,,,,
korra,fish1_24hpf,fish1_24hpf,,,,
korra,fish1_24hpf_roi1,fish1_24hpf_roi1,,,,
korra,fish1_24hpf_roi1_brain,fish1_24hpf_roi1_brain,,,,
korra,fish1_24hpf_roi2,fish1_24hpf_roi2,,,,
korra,fish1_24hpf_roi3,fish1_24hpf_roi3,,,,
korra,fish1_48hpf_roi1,fish1_48hpf_roi1,,,,
korra,fish1_48hpf_roi1_test,fish1_48hpf_roi1_test,,,,
korra,fish1_48hpf_roi1test,fish1_48hpf_roi1test,,,,
korra,fish1_48hpf_roi2,fish1_48hpf_roi2,,,,
korra,fish1_48hpf_roi3,fish1_48hpf_roi3,,,,
korra,fish1_48hpf_roi4,fish1_48hpf_roi4,,,,
korra,fish1_48hpf_roi5,fish1_48hpf_roi5,,,,
korra,fish1_72hpf,fish1_72hpf,,,,
korra,fish1_72hpf_roi1,fish1_72hpf_roi1,,,,
korra,fish1_72hpf_roi1-ear,fish1_72hpf_roi1-ear,,,,
korra,fish1_72hpf_roi2,fish1_72hpf_roi2,,,,
korra,fish1_72hpf_roi2_muscle,fish1_72hpf_roi2_muscle,,,,
korra,fish1_72hpf_roi3,fish1_72hpf_roi3,,,,
korra,fish1_72hpf_roi4,fish1_72hpf_roi4,,,,
korra,fish1_72hpf_roi5,fish1_72hpf_roi5,,,,
korra,fish1_96hpf_roi0_test,fish1_96hpf_roi0_test,,,,
korra,fish1_96hpf_roi1,fish1_96hpf_roi1,,,,
korra,fish1_96hpf_roi2,fish1_96hpf_roi2,,,,
korra,fish1_96hpf_roi3,fish1_96hpf_roi3,,,,
korra,fish1_mem_sg_mito_msc3,fish1_mem_sg_mito_msc3,,,,
korra,fish1_roi1,fish1_roi1,,,,
korra,fish1_roi1-2,fish1_roi1-2,,,,
korra,fish1_roi1_1,fish1_roi1_1,,,,
korra,fish1_roi1_2,fish1_roi1_2,,,,
korra,fish1_roi2,fish1_roi2,,,,
korra,fish1_roi3,fish1_roi3,,,,
korra,fish2,fish2,,,,
korra,fish2_24hpf_mem_mito_msc3_er_halo,fish2_24hpf_mem_mito_msc3_er_halo,,,,
korra,fish2_24hpf_roi1,fish2_24hpf_roi1,,,,
korra,fish2_24hpf_roi1_brain,fish2_24hpf_roi1_brain,,,,
korra,fish2_24hpf_roi1_test,fish2_24hpf_roi1_test,,,,
korra,fish2_24hpf_roi2,fish2_24hpf_roi2,,,,
korra,fish2_24hpf_roi3,fish2_24hpf_roi3,,,,
korra,fish2_48hpf,fish2_48hpf,,,,
korra,fish2_48hpf_roi1,fish2_48hpf_roi1,,,,
korra,fish2_48hpf_roi1-2,fish2_48hpf_roi1-2,,,,
korra,fish2_48hpf_roi2,fish2_48hpf_roi2,,,,
korra,fish2_48hpf_roi3,fish2_48hpf_roi3,,,,
korra,fish2_48hpf_roi4,fish2_48hpf_roi4,,,,
korra,fish2_48hpf_roi5,fish2_48hpf_roi5,,,,
korra,fish2_72hpf_roi1,fish2_72hpf_roi1,,,,
korra,fish2_72hpf_roi2,fish2_72hpf_roi2,,,,
korra,fish2_72hpf_roi3,fish2_72hpf_roi3,,,,
korra,fish2_96hpf_roi1,fish2_96hpf_roi1,,,,
korra,fish2_96hpf_roi2,fish2_96hpf_roi2,,,,
korra,fish2_roi1,fish2_roi1,,,,
korra,fish2_roi12,fish2_roi12,,,,
korra,fish2_roi1_1,fish2_roi1_1,,,,
korra,fish2_roi2,fish2_roi2,,,,
korra,fish3,fish3,,,,
korra,fish3_24hpf_mem_mito_msc3_er_halo,fish3_24hpf_mem_mito_msc3_er_halo,,,,
korra,fish3_24hpf_roi1,fish3_24hpf_roi1,,,,
korra,fish3_24hpf_roi1_brain,fish3_24hpf_roi1_brain,,,,
korra,fish3_24hpf_roi2,fish3_24hpf_roi2,,,,
korra,fish3_48hpf,fish3_48hpf,,,,
korra,fish3_48hpf_roi1,fish3_48hpf_roi1,,,,
korra,fish3_48hpf_roi1_test,fish3_48hpf_roi1_test,,,,
korra,fish3_48hpf_roi2,fish3_48hpf_roi2,,,,
korra,fish3_48hpf_roi2_test,fish3_48hpf_roi2_test,,,,
korra,fish3_48hpf_roi3,fish3_48hpf_roi3,,,,
korra,fish3_48hpf_roi4,fish3_48hpf_roi4,,,,
korra,fish3_72hpf_roi1,fish3_72hpf_roi1,,,,
korra,fish3_72hpf_roi2,fish3_72hpf_roi2,,,,
korra,fish3_72hpf_roi3,fish3_72hpf_roi3,,,,
korra,fish3_72hpf_roi4,fish3_72hpf_roi4,,,,
korra,fish3_72hpf_roi5,fish3_72hpf_roi5,,,,
korra,fish3_96hpf_roi1,fish3_96hpf_roi1,,,,
korra,fish3_96hpf_roi2,fish3_96hpf_roi2,,,,
korra,fish3_96hpf_roi3,fish3_96hpf_roi3,,,,
korra,fish3_mem-halo_24hpf,fish3_mem-halo_24hpf,,,,
korra,fish3_roi1,fish3_roi1,,,,
korra,fish3_roi12,fish3_roi12,,,,
korra,fish3_roi2,fish3_roi2,,,,
korra,fish3_roi3,fish3_roi3,,,,
korra,fish4,fish4,,,,
korra,fish4_24hpf_mem_mito_msc3_er_halo,fish4_24hpf_mem_mito_msc3_er_halo,,,,
korra,fish4_24hpf_roi1,fish4_24hpf_roi1,,,,
korra,fish4_24hpf_roi1_brain,fish4_24hpf_roi1_brain,,,,
korra,fish4_24hpf_roi2,fish4_24hpf_roi2,,,,
korra,fish4_24hpf_roi3,fish4_24hpf_roi3,,,,
korra,fish4_48hpf_roi1,fish4_48hpf_roi1,,,,
korra,fish4_48hpf_roi2,fish4_48hpf_roi2,,,,
korra,fish4_mem-halo_48hpf,fish4_mem-halo_48hpf,,,,
korra,fish4_roi1,fish4_roi1,,,,
korra,fish4_roi2,fish4_roi2,,,,
korra,fish4_roi3,fish4_roi3,,,,
korra,fish4_roi4,fish4_roi4,,,,
korra,fish5,fish5,,,,
korra,fish5_24hpf_roi1,fish5_24hpf_roi1,,,,
korra,fish5_24hpf_roi2,fish5_24hpf_roi2,,,,
korra,fish5_48hpf_mem_mito_halo_er_msc2,fish5_48hpf_mem_mito_halo_er_msc2,,,,
korra,fish5_48hpf_roi2,fish5_48hpf_roi2,,,,
korra,fish5_roi1,fish5_roi1,,,,
korra,fish5_roi1-1,fish5_roi1-1,,,,
korra,fish5_roi2,fish5_roi2,,,,
korra,fish5_roi3,fish5_roi3,,,,
korra,fish6,fish6,,,,
korra,fish6_48hpf_mem_mito_halo_er_msc2,fish6_48hpf_mem_mito_halo_er_msc2,,,,
korra,fish6_48hpf_roi1,fish6_48hpf_roi1,,,,
korra,fish6_48hpf_roi2,fish6_48hpf_roi2,,,,
korra,fish6_roi1,fish6_roi1,,,,
korra,fish6_roi2,fish6_roi2,,,,
korra,fish6_roi3,fish6_roi3,,,,
korra,fish7,fish7,,,,
korra,fish7_48hpf_mem_mito_halo_er_msc2,fish7_48hpf_mem_mito_halo_er_msc2,,,,
korra,fish7_roi,fish7_roi,,,,
korra,fish7_roi1,fish7_roi1,,,,
korra,fish7_roi2,fish7_roi2,,,,
korra,fish7_roi3,fish7_roi3,,,,
korra,fish7_roi4,fish7_roi4,,,,
korra,fish8,fish8,,,,
korra,fish8_72hpf_mem_mito_msc3_er_halo,fish8_72hpf_mem_mito_msc3_er_halo,,,,
korra,fish8_roi1,fish8_roi1,,,,
korra,fish8_roi2,fish8_roi2,,,,
korra,fish8_roi3,fish8_roi3,,,,
korra,fish8_roi4,fish8_roi4,,,,
korra,fish9,fish9,,,,
korra,fish9_roi1,fish9_roi1,,,,
korra,fish9_roi2,fish9_roi2,,,,
korra,fish9_roi3,fish9_roi3,,,,
