date_mount,date_mount_yyyymmdd,sheet_row_index,mount_id,Data location,mount_key,slot_index_global,plateN,slotM,plate_id_filled,slot_id_filled
2025-01-31,20250131,231,,U:\Data\20240911_Korra_Foundation\20250131_mem_histone\fish2_24hpf_mChilada,fish2_24hpf_mChilada,1,1,1,20250131-plate1,20250131-plate1-slot1
2025-01-31,20250131,232,,U:\Data\20240911_Korra_Foundation\20250131_mem_histone\fish1_24hpf_mYH,fish1_24hpf_mYH,2,1,2,20250131-plate1,20250131-plate1-slot2
2025-02-04,20250204,229,,U:\Data\20240911_Korra_Foundation\20250204_mem_histone\fish1_24hpf_mchilada,fish1_24hpf_mchilada,1,1,1,20250204-plate1,20250204-plate1-slot1
2025-02-04,20250204,230,,U:\Data\20240911_Korra_Foundation\20250204_mem_histone\fish2_24hpf_mYH,fish2_24hpf_mYH,2,1,2,20250204-plate1,20250204-plate1-slot2
2025-02-05,20250205,225,,U:\Data\20240911_Korra_Foundation\20250204_mem_histone\fish3_48hpf_mYH,fish3_48hpf_mYH,1,1,1,20250205-plate1,20250205-plate1-slot1
2025-02-05,20250205,226,,U:\Data\20240911_Korra_Foundation\20250204_mem_histone\fish4_48hpf_mYH,fish4_48hpf_mYH,2,1,2,20250205-plate1,20250205-plate1-slot2
2025-02-05,20250205,227,,U:\Data\20240911_Korra_Foundation\20250204_mem_histone\fish5_48hpf_mYH\roi1_mb,roi1_mb,3,1,3,20250205-plate1,20250205-plate1-slot3
2025-02-05,20250205,228,,U:\Data\20240911_Korra_Foundation\20250204_mem_histone\fish5_48hpf_mYH\roi2_mb,roi2_mb,4,1,4,20250205-plate1,20250205-plate1-slot4
2025-02-06,20250206,222,,U:\Data\20240911_Korra_Foundation\20250204_mem_histone\fish6_72hpf_mYH,fish6_72hpf_mYH,1,1,1,20250206-plate1,20250206-plate1-slot1
2025-02-06,20250206,223,,U:\Data\20240911_Korra_Foundation\20250206_mem_histone\fish1_24hpf_mChilada,fish1_24hpf_mChilada,2,1,2,20250206-plate1,20250206-plate1-slot2
2025-02-06,20250206,224,,U:\Data\20240911_Korra_Foundation\20250206_mem_histone\fish2_24hpf_mChilada,fish2_24hpf_mChilada,3,1,3,20250206-plate1,20250206-plate1-slot3
2025-02-11,20250211,218,,U:\Data\20240911_Korra_Foundation\20250211_mem_histone\fish2_24hpf_mYH,fish2_24hpf_mYH,1,1,1,20250211-plate1,20250211-plate1-slot1
2025-02-11,20250211,219,,U:\Data\20240911_Korra_Foundation\20250211_mem_histone\fish6_48hpf_mchilada,fish6_48hpf_mchilada,2,1,2,20250211-plate1,20250211-plate1-slot2
2025-02-11,20250211,220,,U:\Data\20240911_Korra_Foundation\20250211_mem_histone\fish4_24hpf_mYH,fish4_24hpf_mYH,3,1,3,20250211-plate1,20250211-plate1-slot3
2025-02-11,20250211,221,,U:\Data\20240911_Korra_Foundation\20250211_mem_histone\fish3_24hpf_mchilada,fish3_24hpf_mchilada,4,1,4,20250211-plate1,20250211-plate1-slot4
2025-02-12,20250212,216,,U:\Data\20240911_Korra_Foundation\20250211_mem_histone\fish7_48hpf_mYH,fish7_48hpf_mYH,1,1,1,20250212-plate1,20250212-plate1-slot1
2025-02-12,20250212,217,,U:\Data\20240911_Korra_Foundation\20250211_mem_histone\fish5_48hpf_mYH,fish5_48hpf_mYH,2,1,2,20250212-plate1,20250212-plate1-slot2
2025-02-13,20250213,213,,U:\Data\20240911_Korra_Foundation\20250211_mem_histone\fish8_72hpf_mYH,fish8_72hpf_mYH,1,1,1,20250213-plate1,20250213-plate1-slot1
2025-02-13,20250213,214,,U:\Data\20240911_Korra_Foundation\20250211_mem_histone\fish9_10_24hpf_mYH,fish9_10_24hpf_mYH,2,1,2,20250213-plate1,20250213-plate1-slot2
2025-02-13,20250213,215,,U:\Data\20240911_Korra_Foundation\20250211_mem_histone\fish9_10_24hpf_mYH,fish9_10_24hpf_mYH,3,1,3,20250213-plate1,20250213-plate1-slot3
2025-02-18,20250218,212,,U:\Data\20240911_Korra_Foundation\20250218_mem_histone\fish1_24hpf_halo_jfx649,fish1_24hpf_halo_jfx649,1,1,1,20250218-plate1,20250218-plate1-slot1
2025-02-19,20250219,210,,"U:\Data\20240911_Korra_Foundation\20250218_mem_histone\fish2_48hpf_halo_jfx649 (roi1,2,2-2)","fish2_48hpf_halo_jfx649 (roi1,2,2-2)",1,1,1,20250219-plate1,20250219-plate1-slot1
2025-02-19,20250219,211,,U:\Data\20240911_Korra_Foundation\20250218_mem_histone\fish2_48hpf_halo_jfx649 (roi 3-9),fish2_48hpf_halo_jfx649 (roi 3-9),2,1,2,20250219-plate1,20250219-plate1-slot2
2025-02-20,20250220,208,,U:\Data\20240911_Korra_Foundation\20250218_mem_histone\fish3_72hpf_halo_jfx649,fish3_72hpf_halo_jfx649,1,1,1,20250220-plate1,20250220-plate1-slot1
2025-02-20,20250220,209,,U:\Data\20240911_Korra_Foundation\20250220_tg_mem_skittles\fish1_phic_24hpf,fish1_phic_24hpf,2,1,2,20250220-plate1,20250220-plate1-slot2
2025-02-21,20250221,206,,U:\Data\20240911_Korra_Foundation\20250220_tg_mem_skittles\fish2_phic_48hpf,fish2_phic_48hpf,1,1,1,20250221-plate1,20250221-plate1-slot1
2025-02-21,20250221,207,,U:\Data\20240911_Korra_Foundation\20250220_tg_mem_skittles\fish3_phic-nls_48hpf,fish3_phic-nls_48hpf,2,1,2,20250221-plate1,20250221-plate1-slot2
2025-02-25,20250225,204,,U:\Data\20240911_Korra_Foundation\20250225_mem_histone\fish1_24hpf,fish1_24hpf,1,1,1,20250225-plate1,20250225-plate1-slot1
2025-02-25,20250225,205,,U:\Data\20240911_Korra_Foundation\20250225_mem_histone\fish2_24hpf,fish2_24hpf,2,1,2,20250225-plate1,20250225-plate1-slot2
2025-02-26,20250226,200,,U:\Data\20240911_Korra_Foundation\20250225_mem_nuc\fish3_48hpf,fish3_48hpf,1,1,1,20250226-plate1,20250226-plate1-slot1
2025-02-26,20250226,201,,U:\Data\20240911_Korra_Foundation\20250225_mem_nuc\fish4_48hpf,fish4_48hpf,2,1,2,20250226-plate1,20250226-plate1-slot2
2025-02-26,20250226,202,,U:\Data\20240911_Korra_Foundation\20250225_mem_histone\fish5_6_48hpf (roi1-2),fish5_6_48hpf (roi1-2),3,1,3,20250226-plate1,20250226-plate1-slot3
2025-02-26,20250226,203,,U:\Data\20240911_Korra_Foundation\20250225_mem_histone\fish5_6_48hpf (roi3-4),fish5_6_48hpf (roi3-4),4,1,4,20250226-plate1,20250226-plate1-slot4
2025-02-27,20250227,194,,U:\Data\20240911_Korra_Foundation\20250225_mem_histone\fish8_24hpf,fish8_24hpf,1,1,1,20250227-plate1,20250227-plate1-slot1
2025-02-27,20250227,195,,U:\Data\20240911_Korra_Foundation\20250225_mem_histone\fish7_24hpf,fish7_24hpf,2,1,2,20250227-plate1,20250227-plate1-slot2
2025-02-27,20250227,196,,U:\Data\20240911_Korra_Foundation\20250225_mem_histone\fish9_24hpf,fish9_24hpf,3,1,3,20250227-plate1,20250227-plate1-slot3
2025-02-27,20250227,197,,U:\Data\20240911_Korra_Foundation\20250225_mem_histone\fish10_24hpf,fish10_24hpf,4,1,4,20250227-plate1,20250227-plate1-slot4
2025-02-27,20250227,198,,U:\Data\20240911_Korra_Foundation\20250225_mem_histone\fish11_24hpf,fish11_24hpf,5,1,5,20250227-plate1,20250227-plate1-slot5
2025-02-27,20250227,199,,U:\Data\20240911_Korra_Foundation\20250225_mem_histone\fish12_24hpf,fish12_24hpf,6,1,6,20250227-plate1,20250227-plate1-slot6
2025-02-28,20250228,192,,U:\Data\20240911_Korra_Foundation\20250225_mem_histone\fish13_48hpf,fish13_48hpf,1,1,1,20250228-plate1,20250228-plate1-slot1
2025-02-28,20250228,193,,U:\Data\20240911_Korra_Foundation\20250225_mem_histone\fish14_48hpf,fish14_48hpf,2,1,2,20250228-plate1,20250228-plate1-slot2
2025-03-03,20250303,189,,U:\Data\20240911_Korra_Foundation\20250303_mem_histone\fish1_72hpf,fish1_72hpf,1,1,1,20250303-plate1,20250303-plate1-slot1
2025-03-03,20250303,190,,U:\Data\20240911_Korra_Foundation\20250303_mem_histone\fish2_72hpf,fish2_72hpf,2,1,2,20250303-plate1,20250303-plate1-slot2
2025-03-03,20250303,191,,U:\Data\20240911_Korra_Foundation\20250303_mem_histone\fish3_72hpf,fish3_72hpf,3,1,3,20250303-plate1,20250303-plate1-slot3
2025-03-04,20250304,187,,U:\Data\20240911_Korra_Foundation\20250303_mem_histone\fish4_24hpf,fish4_24hpf,1,1,1,20250304-plate1,20250304-plate1-slot1
2025-03-04,20250304,188,,U:\Data\20240911_Korra_Foundation\20250303_mem_histone\fish5_24hpf,fish5_24hpf,2,1,2,20250304-plate1,20250304-plate1-slot2
2025-03-05,20250305,184,,U:\Data\20240911_Korra_Foundation\20250303_mem_histone\fish6_48hpf,fish6_48hpf,1,1,1,20250305-plate1,20250305-plate1-slot1
2025-03-05,20250305,185,,U:\Data\20240911_Korra_Foundation\20250303_mem_histone\fish7_48hpf,fish7_48hpf,2,1,2,20250305-plate1,20250305-plate1-slot2
2025-03-05,20250305,186,,U:\Data\20240911_Korra_Foundation\20250303_mem_histone\fish8_48hpf,fish8_48hpf,3,1,3,20250305-plate1,20250305-plate1-slot3
2025-03-06,20250306,181,,U:\Data\20240911_Korra_Foundation\20250303_mem_histone\fish9_48hpf,fish9_48hpf,1,1,1,20250306-plate1,20250306-plate1-slot1
2025-03-06,20250306,182,,U:\Data\20240911_Korra_Foundation\20250303_mem_histone\fish10_48hpf,fish10_48hpf,2,1,2,20250306-plate1,20250306-plate1-slot2
2025-03-06,20250306,183,,U:\Data\20240911_Korra_Foundation\20250306_skittle_mem-mSG\fish1_24hpf,fish1_24hpf,3,1,3,20250306-plate1,20250306-plate1-slot3
2025-03-07,20250307,180,,U:\Data\20240911_Korra_Foundation\20250307_mem_histone\fish1_24hpf,fish1_24hpf,1,1,1,20250307-plate1,20250307-plate1-slot1
2025-03-10,20250310,179,,U:\Data\20240911_Korra_Foundation\20250310_mem,20250310_mem,1,1,1,20250310-plate1,20250310-plate1-slot1
2025-03-11,20250311,177,,U:\Data\20240911_Korra_Foundation\20250311_mem_histone\fish1_24hpf,fish1_24hpf,1,1,1,20250311-plate1,20250311-plate1-slot1
2025-03-11,20250311,178,,U:\Data\20240911_Korra_Foundation\20250311_mem_histone\fish2_24hpf,fish2_24hpf,2,1,2,20250311-plate1,20250311-plate1-slot2
2025-03-12,20250312,174,,U:\Data\20240911_Korra_Foundation\20250311_mem_histone\fish3_48hpf,fish3_48hpf,1,1,1,20250312-plate1,20250312-plate1-slot1
2025-03-12,20250312,175,,U:\Data\20240911_Korra_Foundation\20250311_mem_histone\fish4_72hpf,fish4_72hpf,2,1,2,20250312-plate1,20250312-plate1-slot2
2025-03-12,20250312,176,,U:\Data\20240911_Korra_Foundation\20250311_mem_histone\fish5_72hpf,fish5_72hpf,3,1,3,20250312-plate1,20250312-plate1-slot3
2025-03-13,20250313,172,,U:\Data\20240911_Korra_Foundation\20250313_mSG_skittles\fish1_24hpf,fish1_24hpf,1,1,1,20250313-plate1,20250313-plate1-slot1
2025-03-13,20250313,173,,U:\Data\20240911_Korra_Foundation\20250313_mSG_skittles\fish2_24hpf,fish2_24hpf,2,1,2,20250313-plate1,20250313-plate1-slot2
2025-03-14,20250314,168,,U:\Data\20240911_Korra_Foundation\20250313_mSG_skittles\fish3_24hpf,fish3_24hpf,1,1,1,20250314-plate1,20250314-plate1-slot1
2025-03-14,20250314,169,,U:\Data\20240911_Korra_Foundation\20250313_mSG_skittles\fish4_24hpf,fish4_24hpf,2,1,2,20250314-plate1,20250314-plate1-slot2
2025-03-14,20250314,170,,U:\Data\20240911_Korra_Foundation\20250314_mem_histone\fish1_24hpf,fish1_24hpf,3,1,3,20250314-plate1,20250314-plate1-slot3
2025-03-14,20250314,171,,U:\Data\20240911_Korra_Foundation\20250314_mem_histone\fish2_24hpf,fish2_24hpf,4,1,4,20250314-plate1,20250314-plate1-slot4
2025-03-17,20250317,166,,U:\Data\20240911_Korra_Foundation\20250317_mem_histone\fish1_72hpf,fish1_72hpf,1,1,1,20250317-plate1,20250317-plate1-slot1
2025-03-17,20250317,167,,U:\Data\20240911_Korra_Foundation\20250317_mem_histone\fish2_72hpf,fish2_72hpf,2,1,2,20250317-plate1,20250317-plate1-slot2
2025-03-18,20250318,164,,U:\Data\20240911_Korra_Foundation\20250317_mem_histone\fish3_96hpf,fish3_96hpf,1,1,1,20250318-plate1,20250318-plate1-slot1
2025-03-18,20250318,165,,U:\Data\20240911_Korra_Foundation\20250317_mem_histone\fish4_24hpf,fish4_24hpf,2,1,2,20250318-plate1,20250318-plate1-slot2
2025-03-19,20250319,162,,U:\Data\20240911_Korra_Foundation\20250317_mem_histone\fish5_48hpf,fish5_48hpf,1,1,1,20250319-plate1,20250319-plate1-slot1
2025-03-19,20250319,163,,U:\Data\20240911_Korra_Foundation\20250317_mem_histone\fish6_48hpf,fish6_48hpf,2,1,2,20250319-plate1,20250319-plate1-slot2
2025-03-20,20250320,160,,U:\Data\20240911_Korra_Foundation\20250317_mem_histone\fish7_48hpf,fish7_48hpf,1,1,1,20250320-plate1,20250320-plate1-slot1
2025-03-20,20250320,161,,U:\Data\20240911_Korra_Foundation\20250317_mem_histone\fish8_48hpf,fish8_48hpf,2,1,2,20250320-plate1,20250320-plate1-slot2
2025-03-21,20250321,159,,U:\Data\20240911_Korra_Foundation\20250321_skittle\,,1,1,1,20250321-plate1,20250321-plate1-slot1
2025-03-24,20250324,157,,U:\Data\20240911_Korra_Foundation\20250324_mem_histone\fish1_72hpf,fish1_72hpf,1,1,1,20250324-plate1,20250324-plate1-slot1
2025-03-24,20250324,158,,U:\Data\20240911_Korra_Foundation\20250324_mem_histone\fish2_72hpf,fish2_72hpf,2,1,2,20250324-plate1,20250324-plate1-slot2
2025-03-25,20250325,156,,U:\Data\20240911_Korra_Foundation\20250324_mem_histone\fish3_24hpf,fish3_24hpf,1,1,1,20250325-plate1,20250325-plate1-slot1
2025-03-26,20250326,155,,U:\Data\20240911_Korra_Foundation\20250324_mem_histone\fish4_24hpf,fish4_24hpf,1,1,1,20250326-plate1,20250326-plate1-slot1
2025-03-27,20250327,152,,U:\Data\20240911_Korra_Foundation\20250327_mem_skittles\fish5_48hpf,fish5_48hpf,1,1,1,20250327-plate1,20250327-plate1-slot1
2025-03-27,20250327,153,,U:\Data\20240911_Korra_Foundation\20250327_mem_skittles\fish1_24hpf,fish1_24hpf,2,1,2,20250327-plate1,20250327-plate1-slot2
2025-03-27,20250327,154,,U:\Data\20240911_Korra_Foundation\20250327_mem_skittles\fish2_24hpf,fish2_24hpf,3,1,3,20250327-plate1,20250327-plate1-slot3
2025-03-28,20250328,150,,U:\Data\20240911_Korra_Foundation\20250327_mem_skittles\fish3_48hpf,fish3_48hpf,1,1,1,20250328-plate1,20250328-plate1-slot1
2025-03-28,20250328,151,,U:\Data\20240911_Korra_Foundation\20250327_mem_skittles\fish4_48hpf,fish4_48hpf,2,1,2,20250328-plate1,20250328-plate1-slot2
2025-04-01,20250401,149,,U:\Data\20240911_Korra_Foundation\20250401_mem_histone\fish1_24hpf,fish1_24hpf,1,1,1,20250401-plate1,20250401-plate1-slot1
2025-04-03,20250403,148,,U:\Data\20240911_Korra_Foundation\20250401_mem_histone\fish2_72hpf,fish2_72hpf,1,1,1,20250403-plate1,20250403-plate1-slot1
2025-04-04,20250404,147,,U:\Data\20240911_Korra_Foundation\20250401_mem_skittles\fish1_24hpf\roi1,roi1,1,1,1,20250404-plate1,20250404-plate1-slot1
2025-04-07,20250407,146,,U:\Data\20240911_Korra_Foundation\20250401_mem_skittles\fish1_96hpf,fish1_96hpf,1,1,1,20250407-plate1,20250407-plate1-slot1
2025-04-10,20250410,145,,"U:\Data\20240911_Korra_Foundation\20250410_organelle\fish1-fish3, lysosome","fish1-fish3, lysosome",1,1,1,20250410-plate1,20250410-plate1-slot1
2025-04-11,20250411,144,,"U:\Data\20240911_Korra_Foundation\20250410_organelle\fish4-5,, mitochondria","fish4-5,, mitochondria",1,1,1,20250411-plate1,20250411-plate1-slot1
2025-04-14,20250414,143,,U:\Data\20240911_Korra_Foundation\20250414_mem_histone\fish1_72hpf,fish1_72hpf,1,1,1,20250414-plate1,20250414-plate1-slot1
2025-04-18,20250418,142,,U:\Data\20240911_Korra_Foundation\20250418_mem_histone\fish1_newLLStest,fish1_newLLStest,1,1,1,20250418-plate1,20250418-plate1-slot1
2025-04-21,20250421,141,,U:\Data\20240911_Korra_Foundation\20250421_mem_histone\fish1_72hpf,fish1_72hpf,1,1,1,20250421-plate1,20250421-plate1-slot1
2025-04-22,20250422,139,,U:\Data\20240911_Korra_Foundation\20250421_mem_histone\fish2_24hpf,fish2_24hpf,1,1,1,20250422-plate1,20250422-plate1-slot1
2025-04-22,20250422,140,,U:\Data\20240911_Korra_Foundation\20250421_mem_histone\fish3_24hpf,fish3_24hpf,2,1,2,20250422-plate1,20250422-plate1-slot2
2025-04-23,20250423,138,,U:\Data\20240911_Korra_Foundation\20250421_mem_histone\fish4_48hpf,fish4_48hpf,1,1,1,20250423-plate1,20250423-plate1-slot1
2025-04-24,20250424,135,,U:\Data\20240911_Korra_Foundation\20250424_mGold2_cytosolic,20250424_mGold2_cytosolic,1,1,1,20250424-plate1,20250424-plate1-slot1
2025-04-24,20250424,136,,U:\Data\20240911_Korra_Foundation\20250424_mGold2_cytosolic,20250424_mGold2_cytosolic,2,1,2,20250424-plate1,20250424-plate1-slot2
2025-04-24,20250424,137,,U:\Data\20240911_Korra_Foundation\20250424_mGold2_cytosolic\141_largeFOV,141_largeFOV,3,1,3,20250424-plate1,20250424-plate1-slot3
2025-04-28,20250428,134,,X:\abcabc\Korra_Foundation\20250428_mem_histone\fish1_72hpf,fish1_72hpf,1,1,1,20250428-plate1,20250428-plate1-slot1
2025-04-29,20250429,133,,X:\abcabc\Korra_Foundation\20250429_mem_cytosol\fish1_24hpf,fish1_24hpf,1,1,1,20250429-plate1,20250429-plate1-slot1
2025-04-30,20250430,131,,X:\abcabc\Korra_Foundation\20250429_mem_cytosol\fish2_48hpf,fish2_48hpf,1,1,1,20250430-plate1,20250430-plate1-slot1
2025-04-30,20250430,132,,X:\abcabc\Korra_Foundation\20250429_mem_cytosol\fish3_mem-halo_24hpf,fish3_mem-halo_24hpf,2,1,2,20250430-plate1,20250430-plate1-slot2
2025-05-01,20250501,130,,X:\abcabc\Korra_Foundation\20250429_mem_cytosol\fish4_mem-halo_48hpf,fish4_mem-halo_48hpf,1,1,1,20250501-plate1,20250501-plate1-slot1
2025-05-05,20250505,129,,X:\abcabc\Korra_Foundation\20250505_fish_transplant\0505_fish1_14somite,0505_fish1_14somite,1,1,1,20250505-plate1,20250505-plate1-slot1
2025-05-06,20250506,127,,X:\abcabc\Korra_Foundation\20250505_fish_transplant\0506_fish1_memSG_lamp-SG_transmSC_14somite,0506_fish1_memSG_lamp-SG_transmSC_14somite,1,1,1,20250506-plate1,20250506-plate1-slot1
2025-05-06,20250506,128,,X:\abcabc\Korra_Foundation\20250505_fish_transplant\0506_fish2_memSG_vemHalo_transmSC,0506_fish2_memSG_vemHalo_transmSC,2,1,2,20250506-plate1,20250506-plate1-slot2
2025-05-07,20250507,126,,X:\abcabc\Korra_Foundation\20250505_fish_transplant\0507_fish1_mchilada_mitoHalo_transmSG,0507_fish1_mchilada_mitoHalo_transmSG,1,1,1,20250507-plate1,20250507-plate1-slot1
2025-05-08,20250508,124,,X:\abcabc\Korra_Foundation\20250505_fish_transplant\0508_fish1_mem-mchilada_transmSG,0508_fish1_mem-mchilada_transmSG,1,1,1,20250508-plate1,20250508-plate1-slot1
2025-05-08,20250508,125,,X:\abcabc\Korra_Foundation\20250505_fish_transplant\0508_fish2_mem-mchilada_transmSG,0508_fish2_mem-mchilada_transmSG,2,1,2,20250508-plate1,20250508-plate1-slot2
2025-05-09,20250509,123,,X:\abcabc\Korra_Foundation\20250505_fish_transplant\0509_fish1_transmSG_lifeactHalo,0509_fish1_transmSG_lifeactHalo,1,1,1,20250509-plate1,20250509-plate1-slot1
2025-05-13,20250513,122,,X:\abcabc\Korra_Foundation\20250513_skittles(fish1-3),20250513_skittles(fish1-3),1,1,1,20250513-plate1,20250513-plate1-slot1
2025-05-14,20250514,121,,"X:\abcabc\Korra_Foundation\20250513_skittles (fish4,5)","20250513_skittles (fish4,5)",1,1,1,20250514-plate1,20250514-plate1-slot1
2025-05-15,20250515,120,,X:\abcabc\Korra_Foundation\20250513_skittles (fish12-16),20250513_skittles (fish12-16),1,1,1,20250515-plate1,20250515-plate1-slot1
2025-05-20,20250520,117,,X:\abcabc\Korra_Foundation\20250520_mem_histone\fish4,fish4,1,1,1,20250520-plate1,20250520-plate1-slot1
2025-05-20,20250520,118,,X:\abcabc\Korra_Foundation\20250520_mem_histone\fish5,fish5,2,1,2,20250520-plate1,20250520-plate1-slot2
2025-05-20,20250520,119,,X:\abcabc\Korra_Foundation\20250520_mem_histone\fish2,fish2,3,1,3,20250520-plate1,20250520-plate1-slot3
2025-05-21,20250521,115,,X:\abcabc\Korra_Foundation\20250520_mem_histone\fish2,fish2,1,1,1,20250521-plate1,20250521-plate1-slot1
2025-05-21,20250521,116,,X:\abcabc\Korra_Foundation\20250521_skittles_no-membrane,20250521_skittles_no-membrane,2,1,2,20250521-plate1,20250521-plate1-slot2
2025-05-22,20250522,114,,X:\abcabc\Korra_Foundation\20250522_skittlez,20250522_skittlez,1,1,1,20250522-plate1,20250522-plate1-slot1
2025-05-23,20250523,112,,X:\abcabc\Korra_Foundation\20250523_mem_histone\fish5,fish5,1,1,1,20250523-plate1,20250523-plate1-slot1
2025-05-23,20250523,113,,X:\abcabc\Korra_Foundation\20250523_mem_histone\fish1-4,fish1-4,2,1,2,20250523-plate1,20250523-plate1-slot2
2025-05-28,20250528,109,,X:\abcabc\Korra_Foundation\20250528_skittlez\fish1,fish1,1,1,1,20250528-plate1,20250528-plate1-slot1
2025-05-28,20250528,110,,X:\abcabc\Korra_Foundation\20250528_mem-histone\fish2,fish2,2,1,2,20250528-plate1,20250528-plate1-slot2
2025-05-28,20250528,111,,X:\abcabc\Korra_Foundation\20250528_mem-histone\fish3,fish3,3,1,3,20250528-plate1,20250528-plate1-slot3
2025-05-29,20250529,107,,X:\abcabc\Korra_Foundation\20250528_mem-histone\fish1,fish1,1,1,1,20250529-plate1,20250529-plate1-slot1
2025-05-29,20250529,108,,X:\abcabc\Korra_Foundation\20250529_skittlez,20250529_skittlez,2,1,2,20250529-plate1,20250529-plate1-slot2
2025-05-30,20250530,106,,X:\abcabc\Korra_Foundation\20250530_mem-histone\,,1,1,1,20250530-plate1,20250530-plate1-slot1
2025-06-02,20250602,105,,X:\abcabc\Korra_Foundation\20250602_mem,20250602_mem,1,1,1,20250602-plate1,20250602-plate1-slot1
2025-06-03,20250603,104,,X:\abcabc\Korra_Foundation\20250603_skittlez,20250603_skittlez,1,1,1,20250603-plate1,20250603-plate1-slot1
2025-06-05,20250605,103,,X:\abcabc\Korra_Foundation\20250605_skittlez,20250605_skittlez,1,1,1,20250605-plate1,20250605-plate1-slot1
2025-06-06,20250606,102,,X:\abcabc\Korra_Foundation\20250606_skittlez,20250606_skittlez,1,1,1,20250606-plate1,20250606-plate1-slot1
2025-06-09,20250609,101,,X:\abcabc\Korra_Foundation\20250609_mem-histone\fish11_72hpf_roi1,fish11_72hpf_roi1,1,1,1,20250609-plate1,20250609-plate1-slot1
2025-06-10,20250610,99,,X:\abcabc\Korra_Foundation\20250609_mem-histone\fish2_24hpf_roi1-2,fish2_24hpf_roi1-2,1,1,1,20250610-plate1,20250610-plate1-slot1
2025-06-10,20250610,100,,X:\abcabc\Korra_Foundation\20250609_mem-histone\fish3-6\,,2,1,2,20250610-plate1,20250610-plate1-slot2
2025-06-12,20250612,98,,X:\abcabc\Korra_Foundation\20250612_skittlez,20250612_skittlez,1,1,1,20250612-plate1,20250612-plate1-slot1
2025-06-13,20250613,97,,X:\abcabc\Korra_Foundation\20250613_skittlez,20250613_skittlez,1,1,1,20250613-plate1,20250613-plate1-slot1
2025-06-16,20250616,96,,X:\abcabc\Korra_Foundation\20250616_mem-histone\fish1,fish1,1,1,1,20250616-plate1,20250616-plate1-slot1
2025-06-17,20250617,95,,X:\abcabc\Korra_Foundation\20250616_mem-histone\fish_24hpf,fish_24hpf,1,1,1,20250617-plate1,20250617-plate1-slot1
2025-06-18,20250618,94,,X:\abcabc\Korra_Foundation\20250618_skittlez,20250618_skittlez,1,1,1,20250618-plate1,20250618-plate1-slot1
2025-06-19,20250619,93,,X:\abcabc\Korra_Foundation\20250619_skittlez,20250619_skittlez,1,1,1,20250619-plate1,20250619-plate1-slot1
2025-06-24,20250624,91,,X:\abcabc\Korra_Foundation\20250624_skittlez_Issac_x_Ken,20250624_skittlez_Issac_x_Ken,1,1,1,20250624-plate1,20250624-plate1-slot1
2025-06-24,20250624,92,,X:\abcabc\Korra_Foundation\20250624_skittlez_Chris_x_Liam,20250624_skittlez_Chris_x_Liam,2,1,2,20250624-plate1,20250624-plate1-slot2
2025-06-25,20250625,90,,X:\abcabc\Korra_Foundation\20250624_skittlez_Chris_x_Liam,20250624_skittlez_Chris_x_Liam,1,1,1,20250625-plate1,20250625-plate1-slot1
2025-06-26,20250626,88,,X:\abcabc\Korra_Foundation\20250626_mem-histone\fish1_48hpf_brain,fish1_48hpf_brain,1,1,1,20250626-plate1,20250626-plate1-slot1
2025-06-26,20250626,89,,X:\abcabc\Korra_Foundation\20250626_mem-histone\fish3_48hpf_hindbrain-to-tail,fish3_48hpf_hindbrain-to-tail,2,1,2,20250626-plate1,20250626-plate1-slot2
2025-06-27,20250627,87,,X:\abcabc\Korra_Foundation\20250627_skittlez and 20250625_skittlez,20250627_skittlez and 20250625_skittlez,1,1,1,20250627-plate1,20250627-plate1-slot1
2025-07-15,20250715,85,,X:\abcabc\Korra_Foundation\20250715_mem_organelle,20250715_mem_organelle,1,1,1,20250715-plate1,20250715-plate1-slot1
2025-07-15,20250715,86,,X:\abcabc\Korra_Foundation\20250715_mem_organelle,20250715_mem_organelle,2,1,2,20250715-plate1,20250715-plate1-slot2
2025-07-16,20250716,84,,X:\abcabc\Korra_Foundation\20250715_mem_organelle,20250715_mem_organelle,1,1,1,20250716-plate1,20250716-plate1-slot1
2025-07-17,20250717,83,,X:\abcabc\Korra_Foundation\20250715_mem_organelle,20250715_mem_organelle,1,1,1,20250717-plate1,20250717-plate1-slot1
2025-07-22,20250722,81,,X:\abcabc\Aang_Foundation\20250722_mem-halo_er-mSG,20250722_mem-halo_er-mSG,1,1,1,20250722-plate1,20250722-plate1-slot1
2025-07-22,20250722,82,,X:\abcabc\Aang_Foundation\20250722_mrna_mito-mSG_mem-mChilada,20250722_mrna_mito-mSG_mem-mChilada,2,1,2,20250722-plate1,20250722-plate1-slot2
2025-07-23,20250723,80,,X:\abcabc\Korra_Foundation\20250723_mem-halo_ER-mSG\fish3_48hpf,fish3_48hpf,1,1,1,20250723-plate1,20250723-plate1-slot1
2025-07-24,20250724,79,,"X:\abcabc\Korra_Foundation\20250724_mem-mchilada_er-mSG, X:\abcabc\Aang_Foundation\20250723_er-mSG_mem-mChilada",20250723_er-mSG_mem-mChilada,1,1,1,20250724-plate1,20250724-plate1-slot1
2025-07-28,20250728,78,,X:\abcabc\Korra_Foundation\20250728_mem-histone,20250728_mem-histone,1,1,1,20250728-plate1,20250728-plate1-slot1
2025-08-01,20250801,77,,X:\abcabc\Korra_Foundation\20250801_mem-PCNA,20250801_mem-PCNA,1,1,1,20250801-plate1,20250801-plate1-slot1
2025-08-04,20250804,76,,X:\abcabc\Korra_Foundation\20250801_mem-PCNA\fish3_72hpf_roi1,fish3_72hpf_roi1,1,1,1,20250804-plate1,20250804-plate1-slot1
2025-08-05,20250805,74,,X:\abcabc\Korra_Foundation\20250805_mem-histone,20250805_mem-histone,1,1,1,20250805-plate1,20250805-plate1-slot1
2025-08-05,20250805,75,,X:\abcabc\Aang_Foundation\20250805_mito_mem-halo,20250805_mito_mem-halo,2,1,2,20250805-plate1,20250805-plate1-slot2
2025-08-06,20250806,73,,X:\abcabc\Aang_Foundation\20250805_lifeact_mem-halo,20250805_lifeact_mem-halo,1,1,1,20250806-plate1,20250806-plate1-slot1
2025-08-08,20250808,71,,X:\abcabc\Aang_Foundation\20250808_mem_organelle,20250808_mem_organelle,1,1,1,20250808-plate1,20250808-plate1-slot1
2025-08-08,20250808,72,,X:\abcabc\Aang_Foundation\20250808_mem_organelle,20250808_mem_organelle,2,1,2,20250808-plate1,20250808-plate1-slot2
2025-08-12,20250812,70,,9,,1,1,1,20250812-plate1,20250812-plate1-slot1
2025-08-19,20250819,68,,X:\abcabc\Aang_Foundation\20250819_mem_mito,20250819_mem_mito,1,1,1,20250819-plate1,20250819-plate1-slot1
2025-08-19,20250819,69,,X:\abcabc\Aang_Foundation\20250819_mem_ER,20250819_mem_ER,2,1,2,20250819-plate1,20250819-plate1-slot2
2025-08-20,20250820,67,,X:\abcabc\Aang_Foundation\20250819_mem_mito,20250819_mem_mito,1,1,1,20250820-plate1,20250820-plate1-slot1
2025-08-21,20250821,65,,X:\abcabc\Aang_Foundation\20250821_mem_mito,20250821_mem_mito,1,1,1,20250821-plate1,20250821-plate1-slot1
2025-08-21,20250821,66,,X:\abcabc\Janelia_Fish\20250821_tubulin-mSG,20250821_tubulin-mSG,2,1,2,20250821-plate1,20250821-plate1-slot2
2025-08-22,20250822,63,,X:\abcabc\Aang_Foundation\20250821_mem_mito,20250821_mem_mito,1,1,1,20250822-plate1,20250822-plate1-slot1
2025-08-22,20250822,64,,X:\abcabc\Exploratory_fish\20250822_PDQM145,20250822_PDQM145,2,1,2,20250822-plate1,20250822-plate1-slot2
2025-08-25,20250825,59,,X:\abcabc\Exploratory_fish\20250825_mgco28_mito-mSG,20250825_mgco28_mito-mSG,1,1,1,20250825-plate1,20250825-plate1-slot1
2025-08-25,20250825,60,,X:\abcabc\Exploratory_fish\20250825_pqdm065_mem-histone,20250825_pqdm065_mem-histone,2,1,2,20250825-plate1,20250825-plate1-slot2
2025-08-25,20250825,61,,X:\abcabc\Exploratory_fish\20250825_pqdm094_mem-histone,20250825_pqdm094_mem-histone,3,1,3,20250825-plate1,20250825-plate1-slot3
2025-08-25,20250825,62,,X:\abcabc\Exploratory_fish\20250825_mgco29_er-msg,20250825_mgco29_er-msg,4,1,4,20250825-plate1,20250825-plate1-slot4
2025-08-26,20250826,58,,X:\abcabc\Aang_Foundation\20250826_mem_actin,20250826_mem_actin,1,1,1,20250826-plate1,20250826-plate1-slot1
2025-08-27,20250827,57,2025-W35-3,X:\abcabc\Aang_Foundation\20250827_mem_actin,20250827_mem_actin,1,1,1,20250827-plate1,20250827-plate1-slot1
2025-08-28,20250828,56,2025-W35-6,X:\abcabc\Aang_Foundation\20250828_mem_actin,20250828_mem_actin,1,1,1,20250828-plate1,20250828-plate1-slot1
2025-08-29,20250829,55,2025-W35-7,X:\abcabc\Janelia_Fish\20250903_lifeact-mSG,20250903_lifeact-mSG,1,1,1,20250829-plate1,20250829-plate1-slot1
2025-09-03,20250903,54,2025-W36-1,X:\abcabc\Aang_Foundation\20250903_lifeact-mSG,20250903_lifeact-mSG,1,1,1,20250903-plate1,20250903-plate1-slot1
2025-09-04,20250904,53,3,X:\abcabc\Aang_Foundation\20250904_lifeact-mSG,20250904_lifeact-mSG,1,1,1,20250904-plate1,20250904-plate1-slot1
2025-09-05,20250905,52,2,X:\abcabc\Aang_Foundation\20250905_lifeact-mSG,20250905_lifeact-mSG,1,1,1,20250905-plate1,20250905-plate1-slot1
2025-09-08,20250908,51,1,X:\abcabc\Aang_Foundation\20250908_mem-mito,20250908_mem-mito,1,1,1,20250908-plate1,20250908-plate1-slot1
2025-09-10,20250910,50,1,X:\abcabc\Aang_Foundation\20250908_mem-mito,20250908_mem-mito,1,1,1,20250910-plate1,20250910-plate1-slot1
2025-09-11,20250911,49,1,X:\abcabc\Aang_Foundation\20250911_mem-mito,20250911_mem-mito,1,1,1,20250911-plate1,20250911-plate1-slot1
2025-09-12,20250912,48,2,X:\abcabc\Aang_Foundation\20250912_mem-mito,20250912_mem-mito,1,1,1,20250912-plate1,20250912-plate1-slot1
2025-09-15,20250915,47,1,X:\abcabc\Aang_Foundation\20250915_mem-mito,20250915_mem-mito,1,1,1,20250915-plate1,20250915-plate1-slot1
2025-09-16,20250916,45,top,X:\abcabc\Aang_Foundation\20250917_mem-mito,20250917_mem-mito,1,1,1,20250916-plate1,20250916-plate1-slot1
2025-09-16,20250916,46,bottom,X:\abcabc\Aang_Foundation\20250917_mem-mito,20250917_mem-mito,2,1,2,20250916-plate1,20250916-plate1-slot2
2025-09-18,20250918,44,1,X:\abcabc\Aang_Foundation\20250918_mem-mito,20250918_mem-mito,1,1,1,20250918-plate1,20250918-plate1-slot1
2025-09-19,20250919,43,1,X:\abcabc\Aang_Foundation\20250919_mem-mito,20250919_mem-mito,1,1,1,20250919-plate1,20250919-plate1-slot1
2025-09-22,20250922,42,1,X:\abcabc\Aang_Foundation\20250922_mem-mito,20250922_mem-mito,1,1,1,20250922-plate1,20250922-plate1-slot1
2025-09-24,20250924,41,1,X:\abcabc\Aang_Foundation\20250924_mem-mito,20250924_mem-mito,1,1,1,20250924-plate1,20250924-plate1-slot1
2025-09-25,20250925,40,2,X:\abcabc\Aang_Foundation\20250925_mem-mito,20250925_mem-mito,1,1,1,20250925-plate1,20250925-plate1-slot1
2025-09-26,20250926,39,1,X:\abcabc\Aang_Foundation\20250926_mem-mito,20250926_mem-mito,1,1,1,20250926-plate1,20250926-plate1-slot1
2025-10-01,20251001,38,2,X:\abcabc\Aang_Foundation\20251001_mem-histone,20251001_mem-histone,1,1,1,20251001-plate1,20251001-plate1-slot1
2025-10-09,20251009,37,1,X:\abcabc\Aang_Foundation\20251010_mem-mito,20251010_mem-mito,1,1,1,20251009-plate1,20251009-plate1-slot1
2025-10-10,20251010,36,2,X:\abcabc\Korra_Foundation\20251010_mem-histone,20251010_mem-histone,1,1,1,20251010-plate1,20251010-plate1-slot1
2025-10-13,20251013,34,1,X:\abcabc\Aang_Foundation\20251013_mem-histone,20251013_mem-histone,1,1,1,20251013-plate1,20251013-plate1-slot1
2025-10-13,20251013,35,2,X:\abcabc\Korra_Foundation\20251013_mem-histone,20251013_mem-histone,2,1,2,20251013-plate1,20251013-plate1-slot2
2025-10-14,20251014,32,1,X:\abcabc\Aang_Foundation\20251015_mem-histone,20251015_mem-histone,1,1,1,20251014-plate1,20251014-plate1-slot1
2025-10-14,20251014,33,2,X:\abcabc\Aang_Foundation\20251016_mem-mito,20251016_mem-mito,2,1,2,20251014-plate1,20251014-plate1-slot2
2025-10-15,20251015,31,1,X:\abcabc\Korra_Foundation\20251015_mem-histone,20251015_mem-histone,1,1,1,20251015-plate1,20251015-plate1-slot1
2025-10-16,20251016,29,1,X:\abcabc\Korra_Foundation\20251016_mem-histone,20251016_mem-histone,1,1,1,20251016-plate1,20251016-plate1-slot1
2025-10-16,20251016,30,2,X:\abcabc\Aang_Foundation\20251016_mem-mito_v2,20251016_mem-mito_v2,2,1,2,20251016-plate1,20251016-plate1-slot2
2025-10-17,20251017,27,1,X:\abcabc\Korra_Foundation\20251017_microtubules,20251017_microtubules,1,1,1,20251017-plate1,20251017-plate1-slot1
2025-10-17,20251017,28,2,X:\abcabc\Aang_Foundation\20251017_nuclear_envelope,20251017_nuclear_envelope,2,1,2,20251017-plate1,20251017-plate1-slot2
2025-10-20,20251020,25,1,X:\abcabc\Aang_Foundation\20251020_mem-histone,20251020_mem-histone,1,1,1,20251020-plate1,20251020-plate1-slot1
2025-10-20,20251020,26,2,X:\abcabc\Korra_Foundation\20251020_mem-histone,20251020_mem-histone,2,1,2,20251020-plate1,20251020-plate1-slot2
2025-10-21,20251021,23,1,X:\abcabc\Aang_Foundation\20251021_mem-mito,20251021_mem-mito,1,1,1,20251021-plate1,20251021-plate1-slot1
2025-10-21,20251021,24,2,X:\abcabc\Aang_Foundation\20251021_mem-mito_v2,20251021_mem-mito_v2,2,1,2,20251021-plate1,20251021-plate1-slot2
2025-10-22,20251022,20,1,X:\abcabc\Korra_Foundation\20251022_mem-histone,20251022_mem-histone,1,1,1,20251022-plate1,20251022-plate1-slot1
2025-10-22,20251022,21,2,X:\abcabc\Aang_Foundation\20251022_mem-mito,20251022_mem-mito,2,1,2,20251022-plate1,20251022-plate1-slot2
2025-10-22,20251022,22,3,X:\abcabc\Exploratory_fish\20251023_mScarlet3S2_2Xcox8A,20251023_mScarlet3S2_2Xcox8A,3,1,3,20251022-plate1,20251022-plate1-slot3
2025-10-23,20251023,19,1,X:\abcabc\Aang_Foundation\20251023_mem-mito,20251023_mem-mito,1,1,1,20251023-plate1,20251023-plate1-slot1
2025-10-24,20251024,16,1,X:\abcabc\Exploratory_fish\20251025_er,20251025_er,1,1,1,20251024-plate1,20251024-plate1-slot1
2025-10-24,20251024,17,2,X:\abcabc\Exploratory_fish\20251025_lamellipodia_F-actin,20251025_lamellipodia_F-actin,2,1,2,20251024-plate1,20251024-plate1-slot2
2025-10-24,20251024,18,3,X:\abcabc\Korra_Foundation\20251024_mem-histone,20251024_mem-histone,3,1,3,20251024-plate1,20251024-plate1-slot3
2025-10-27,20251027,14,1,X:\abcabc\Korra_Foundation\20251027_mem-histone,20251027_mem-histone,1,1,1,20251027-plate1,20251027-plate1-slot1
2025-10-27,20251027,15,2,X:\abcabc\Aang_Foundation\20251027_mem-histone,20251027_mem-histone,2,1,2,20251027-plate1,20251027-plate1-slot2
2025-10-28,20251028,11,1,X:\abcabc\Aang_Foundation\20251028_mem-mito,20251028_mem-mito,1,1,1,20251028-plate1,20251028-plate1-slot1
2025-10-28,20251028,12,2,X:\abcabc\Aang_Foundation\20251028_mem-peroxi,20251028_mem-peroxi,2,1,2,20251028-plate1,20251028-plate1-slot2
2025-10-28,20251028,13,3,X:\abcabc\Aang_Foundation\20251028_mem-peroxi2,20251028_mem-peroxi2,3,1,3,20251028-plate1,20251028-plate1-slot3
2025-10-29,20251029,9,1,X:\abcabc\Korra_Foundation\20251029_mem-histone,20251029_mem-histone,1,1,1,20251029-plate1,20251029-plate1-slot1
2025-10-29,20251029,10,2,X:\abcabc\Aang_Foundation\20251029_peroxi,20251029_peroxi,2,1,2,20251029-plate1,20251029-plate1-slot2
2025-11-05,20251105,7,1,X:\abcabc\Aang_Foundation\20251105_mem-mito,20251105_mem-mito,1,1,1,20251105-plate1,20251105-plate1-slot1
2025-11-05,20251105,8,1,X:\abcabc\Korra_Foundation\20251106_mem-mito,20251106_mem-mito,2,1,2,20251105-plate1,20251105-plate1-slot2
2025-11-06,20251106,6,1.1,X:\abcabc\Aang_Foundation\20251106_mem-mito,20251106_mem-mito,1,1,1,20251106-plate1,20251106-plate1-slot1
2025-11-10,20251110,5,1,X:\abcabc\Korra_Foundation\20251110_mem-histone,20251110_mem-histone,1,1,1,20251110-plate1,20251110-plate1-slot1
2025-11-11,20251111,4,1,X:\abcabc\Aang_Foundation\20251107_mem-mito,20251107_mem-mito,1,1,1,20251111-plate1,20251111-plate1-slot1
2025-11-12,20251112,2,1,X:\abcabc\Korra_Foundation\20251112_mem-mito,20251112_mem-mito,1,1,1,20251112-plate1,20251112-plate1-slot1
2025-11-12,20251112,3,2,X:\abcabc\Exploratory_fish\20251112_mem-moesin,20251112_mem-moesin,2,1,2,20251112-plate1,20251112-plate1-slot2
